,title,company,location,salary,link
0,Software Engineer,Cogo Labs,"Cambridge, MA 02139",136945.0,https://www.indeed.com/viewjob?jk=670c3e2a67d2e4b0
1,"Software Engineer, Android","Vivint, Inc.","Boston, MA 02108",,https://www.indeed.com/viewjob?jk=575f0956fbf56047
2,Gameplay Designer,CD PROJEKT RED,"Remote in Boston, MA",100450.0,https://www.indeed.com/viewjob?jk=09f12ae483464a1d
3,Associate Quality Engineer,Veeva Systems,"Hybrid remote in Boston, MA",102500.0,https://www.indeed.com/viewjob?jk=1b8a1838e576a0a6
4,FRONT-END DEVELOPER,Pixels 360,"Boston, MA 02210",,https://www.indeed.com/viewjob?jk=87f41bf11aa0a5cb
5,Junior Software Developer,NetCapital,"Boston, MA",,https://www.indeed.com/viewjob?jk=4e552fa4c9cbbd6c
6,Technical Support Engineer 2 - Boston,Datadog,"Boston, MA",90000.0,https://www.indeed.com/viewjob?jk=51a589c2cf5d1554
7,.Net Developer (Need only locals),Aptivacorp,"Chelsea, MA 02150",114400.0,https://www.indeed.com/viewjob?jk=735b611b5405515f
8,Java Developer,Intone Networks,"Boston, MA",,https://www.indeed.com/viewjob?jk=3e503c2b51207e3e
9,"Frontend Software Engineer, Hotels",KAYAK,"Cambridge, MA",,https://www.indeed.com/viewjob?jk=8fb2be65bebe38a4
10,Software Engineer,MIT,"Cambridge, MA 02139",,https://www.indeed.com/viewjob?jk=2394073345d523f4
11,"Associate Staff Engineer, IOT",Nagarro,"Boston, MA",,https://www.indeed.com/viewjob?jk=262fd3b25062f559
12,Frontend Engineer,Topsort,"Remote in Boston, MA",,https://www.indeed.com/viewjob?jk=b045f42e37d3f7b9
13,Digital Web Developer,Veeva Systems,"Boston, MA",115000.0,https://www.indeed.com/viewjob?jk=32e0abe22872cf10
14,Über C# dev,Window Book,"Cambridge, MA 02139",,https://www.indeed.com/viewjob?jk=9db65823946c554b
15,Software Engineer,Harvard University,"Hybrid remote in Cambridge, MA",,https://www.indeed.com/viewjob?jk=561bb191a33c351c
16,Software Engineer,Molten Cloud,"Cambridge, MA 02142",,https://www.indeed.com/viewjob?jk=7a40fe785a2a65f4
17,MuleSoft Integration Engineer,Intone Networks,"Malden, MA",124800.0,https://www.indeed.com/viewjob?jk=ee26dca8b35a8af2
18,Machine Learning Engineer,Pison Technology,"Boston, MA 02111",127500.0,https://www.indeed.com/viewjob?jk=15e60da20085ace4
19,Release Engineer,Veeva Systems,"Boston, MA",90000.0,https://www.indeed.com/viewjob?jk=e2605817eedd6c9d
20,Software Engineer,Formlabs,"Somerville, MA",,https://www.indeed.com/viewjob?jk=e89436a9f9572040
21,"Software Engineer, Training",Rover.com,"Hybrid remote in Boston, MA 02109",,https://www.indeed.com/viewjob?jk=cfa86c1db0d5b6d4
22,"Software Engineer, Backend/Server-Side",Catalytic Data Science,"Boston, MA",,https://www.indeed.com/viewjob?jk=8dc78a138679e4c4
23,Associate Developer,Berkshire Hathaway Specialty Insurance,"Boston, MA 02110",,https://www.indeed.com/viewjob?jk=0a0c286678955735
24,Support Engineer I,"VMS Software, Inc.","Boston, MA 02110",,https://www.indeed.com/viewjob?jk=2c0c91fc6911fede
26,Front End Software Engineer,CATALOG,"Boston, MA",,https://www.indeed.com/viewjob?jk=f90fa9d04741f6e4
27,Java Full Stack Lead,Infosys,"Boston, MA",,https://www.indeed.com/viewjob?jk=2ad0b2f263e58069
28,Web Developer - (REMOTE),INFICON,"Remote in Boston, MA",105000.0,https://www.indeed.com/viewjob?jk=566d05cccaf96967
29,Software Engineer III - Frontend,Chewy,"Boston, MA 02210",,https://www.indeed.com/viewjob?jk=5e37fbdbaea75d4a
30,DevOps Engineer,Karen Clark & Company,"Boston, MA",,https://www.indeed.com/viewjob?jk=2128e9fb2424265a
31,"Quantitative Developer, Associate",Arrowstreet Capital,"Boston, MA 02116",,https://www.indeed.com/viewjob?jk=fca54778a353192d
32,"Staff Software Engineer, Platform","Vivint, Inc.","Boston, MA 02108",,https://www.indeed.com/viewjob?jk=13b0d9268589e297
33,Software Engineer - Java,Veeva Systems,"Boston, MA",155000.0,https://www.indeed.com/viewjob?jk=ff79aadc985e761d
34,Adabas Natural Linux Engineer,MRCC Solutions,"Boston, MA 02108",130000.0,https://www.indeed.com/viewjob?jk=d7e4bb83ec50d0c4
35,Software Engineer II,"Form Energy, Inc","Hybrid remote in Somerville, MA",,https://www.indeed.com/viewjob?jk=c8fe46b80d249bd4
36,Technical Support Engineer,Snyk,"Boston, MA 02110",,https://www.indeed.com/viewjob?jk=069b544441ae2a78
37,UX Designer,"Red Hat, Inc.","Hybrid remote in Boston, MA 02210",135200.0,https://www.indeed.com/viewjob?jk=3a26f6d137cf165e
38,Full stack engineer,Mable,"Hybrid remote in Boston, MA",,https://www.indeed.com/viewjob?jk=58c0bbce6a43589c
39,Software Engineer - React,Levio,"Remote in Boston, MA",,https://www.indeed.com/viewjob?jk=61726b7890e2a796
40,Instructor/Teaching Assistant,eScout Academy,"Boston, MA",43680.0,https://www.indeed.com/viewjob?jk=de6194734f7441b5
41,Mail.XML/C# Expert,Window Book,"Cambridge, MA 02139",,https://www.indeed.com/viewjob?jk=97129b02fe215a15
42,Software Engineer II,SimpliSafe,"Hybrid remote in Boston, MA",,https://www.indeed.com/viewjob?jk=c628bc1e34db54e5
43,L2 Support Engineer,Fastr,"Remote in Boston, MA",,https://www.indeed.com/viewjob?jk=ff2b7c30171e77f2
44,Quality Assurance Engineer,Karen Clark & Company,"Boston, MA",,https://www.indeed.com/viewjob?jk=bfd797ada80876da
45,Artificial Intelligence - Developer,VASS IT,"Boston, MA",,https://www.indeed.com/viewjob?jk=69bc1b2088b97195
46,Staff Software Engineer,HubSpot,"Remote in Cambridge, MA",273650.0,https://www.indeed.com/viewjob?jk=c4bb3e28de1c3dd5
47,Android Engineer,"Hydrow, Inc.","Boston, MA",,https://www.indeed.com/viewjob?jk=4a0ccabccaae73db
48,QA Engineer,InfoPay,"Boston, MA",,https://www.indeed.com/viewjob?jk=5f9a1688231826ce
49,Sr. Software Engineer in Test,"Vivint, Inc.","Boston, MA 02108",,https://www.indeed.com/viewjob?jk=2c7bc6eeed9719c6
72,Software Engineer,Snyk,"Boston, MA 02110",,https://www.indeed.com/viewjob?jk=0b9c07265d1ac4b1
77,Software Engineer,Pison Technology,"Boston, MA 02111",,https://www.indeed.com/viewjob?jk=99f8a71e4565ec63
78,Software Engineer II,Chewy,"Boston, MA 02210",,https://www.indeed.com/viewjob?jk=bbff30036aa678f2
79,Android Developer,Chewy,"Boston, MA 02210",,https://www.indeed.com/viewjob?jk=a8cbd50110b5a3af
80,Python Developer,Business Integra,"Boston, MA 02108",104000,https://www.indeed.com/viewjob?jk=46911b0346d0dcd1
81,Web Developer,Museum of Science,"Remote in Boston, MA",86348.5,https://www.indeed.com/viewjob?jk=a896234f15a48156
82,Frontend Software Engineer,Socotec,"Boston, MA 02127",,https://www.indeed.com/viewjob?jk=dc4b3ce162fabfb9
83,Freelance Front End Developer,Sosolimited,"Boston, MA 02114",,https://www.indeed.com/viewjob?jk=a69aef9efe4908c3
84,Application Developer,MA Gaming Commission,"Hybrid remote in Boston, MA",81925.5,https://www.indeed.com/viewjob?jk=11c5cd01091c41ed
85,Front End Engineer,Catalytic Data Science,"Boston, MA",,https://www.indeed.com/viewjob?jk=d4e231f682e0d47c
86,Data Scientist / Engineer,Shift Technology,"Hybrid remote in Boston, MA",100000.0,https://www.indeed.com/viewjob?jk=0c3c594a5769a950
87,Software Engineer,Anarust Inc.,"Boston, MA",,https://www.indeed.com/viewjob?jk=88dada856a24d5ed
88,Software Engineer in Test - CDMS,Veeva Systems,"Boston, MA",112500.0,https://www.indeed.com/viewjob?jk=ef27eb1594ad45c5
89,SR Software Engineer Front End,Fidelity TalentSource,"Hybrid remote in Boston, MA",161200.0,https://www.indeed.com/viewjob?jk=0c400359d6d33796
90,"Software Engineer I, Android SDK",Cambridge Mobile Telematics,"Cambridge, MA",,https://www.indeed.com/viewjob?jk=e24710c27fa24f8f
91,"Industry Segment Lead, Aerospace & Defense",Qt Group,"Hybrid remote in Boston, MA",,https://www.indeed.com/viewjob?jk=ab0be596faf029f7
92,Associate Software Engineer,Geode Capital Management,"Hybrid remote in Boston, MA 02110",,https://www.indeed.com/viewjob?jk=80ef02a4e9776705
93,Software Engineer,SoftInWay Inc.,"Boston, MA",,https://www.indeed.com/viewjob?jk=51b4885735890ac4
94,"Full Stack Developer II (Remote, In-Office, or Hybrid)",ROI Solutions,"Remote in Medford, MA",92500.0,https://www.indeed.com/viewjob?jk=d9e4b2df7632b334
95,Embedded Engineer,Apeiron Labs,"Cambridge, MA",,https://www.indeed.com/viewjob?jk=3d6c6ee23375fc4a
96,Remote AI Training Expert,Outlier,"Remote in Boston, MA",62400,https://www.indeed.com/viewjob?jk=618372c35c06d037
97,Robot Software Engineer,Tutor Intelligence,"Boston, MA",,https://www.indeed.com/viewjob?jk=c892b69ca8cb2d51
98,QA Developer,Xicay Technologies,"Boston, MA 02110",,https://www.indeed.com/viewjob?jk=1fb0437d6afb2084
99,usiness Analyst - API Gateway,CapB InfoteK,"Boston, MA",,https://www.indeed.com/viewjob?jk=478a7456c57a78a6
122,Software Engineer (Back end),Broad Institute,"Cambridge, MA",,https://www.indeed.com/viewjob?jk=84410bab57740e94
123,Full Stack / Frontend Engineer,Arbor,"Boston, MA",,https://www.indeed.com/viewjob?jk=16b7a28a36c3b407
127,Java Full Stack Developer,Intone Networks,"Boston, MA",,https://www.indeed.com/viewjob?jk=840466fcccb133d5
128,DevOps/Java Engineer,Intone Networks,"Boston, MA",,https://www.indeed.com/viewjob?jk=eeff07c13279b0df
129,Programmer Analyst,"Visalia, LLC","Boston, MA",,https://www.indeed.com/viewjob?jk=9747d43b0d088935
130,Business Intelligence Developer-Administrator,Center For Health Information And Analysis,"Boston, MA 02116",100000.0,https://www.indeed.com/viewjob?jk=3063f5b940b621d8
131,Systems Engineer I,Mass General Brigham,"Somerville, MA 02145",,https://www.indeed.com/viewjob?jk=4459c87b7c4dad4a
132,Lead Software Engineer - Remote,Optum,"Remote in Boston, MA 02101",147550.0,https://www.indeed.com/viewjob?jk=3d981030654026ca
133,Software Developer,Harvard University,"Boston, MA",,https://www.indeed.com/viewjob?jk=97b7b895d5dae570
134,Software Engineer II,Flexcar,"Boston, MA 02210",135000,https://www.indeed.com/viewjob?jk=e95de71db9ab446d
135,"Software Engineer (Web, Growth)",WHOOP,"Boston, MA",,https://www.indeed.com/viewjob?jk=15c6bda11e2bf3ab
136,Software Engineer (Feature Team),"Ikigai Labs, Inc.","Cambridge, MA",122500.0,https://www.indeed.com/viewjob?jk=8019136ca552603d
137,Platform Engineer,Pickle Robot Company,"Cambridge, MA 02139",,https://www.indeed.com/viewjob?jk=4da3c3d9740356d1
138,Software Engineer: Back-End,RedCircle,"Boston, MA",,https://www.indeed.com/viewjob?jk=64ee447a04da519c
139,Software Engineer Co-Op (January 2025),Flexcar,"Boston, MA 02210",68640,https://www.indeed.com/viewjob?jk=3c62672baa9cacf7
140,Site Reliability Engineer,LogRocket,"Hybrid remote in Boston, MA 02110",,https://www.indeed.com/viewjob?jk=7bbe7f792637a0f3
141,Motion Planning Engineer,Anduril Industries,"Boston, MA",195000.0,https://www.indeed.com/viewjob?jk=da326bd16e6f5c15
142,Machine Learning Engineer,Arena BioWorks,"Cambridge, MA",,https://www.indeed.com/viewjob?jk=41681b32b36af467
143,Software Engineer,MKT MEDIASTATS,"Cambridge, MA 02138",,https://www.indeed.com/viewjob?jk=b60b025047d9e694
144,Front-End Developer,Janeiro Digital,"Boston, MA",,https://www.indeed.com/viewjob?jk=6c781b1c8c50cea5
145,Software Engineer - C#/Java/Network Security,CapB InfoteK,"Remote in Boston, MA",,https://www.indeed.com/viewjob?jk=901420d24fd25064
146,Staff Software Engineer,Wistia,"Remote in Cambridge, MA",,https://www.indeed.com/viewjob?jk=1c0eb3056c76f523
147,Senior Software Engineer - Front End,Veeva Systems,"Boston, MA",190000.0,https://www.indeed.com/viewjob?jk=1b251e7b33dab0d0
148,FULL STACK WEB DEVELOPER,Pixels 360,"Boston, MA 02210",,https://www.indeed.com/viewjob?jk=434f522e3f4a978c
149,"Technical Associate I, Traverso Lab",MIT,"Cambridge, MA 02139",,https://www.indeed.com/viewjob?jk=68785994f56dd613
172,Cloud Engineer,VMC Soft Technologies,"Boston, MA",,https://www.indeed.com/viewjob?jk=6c6edfabca759543
173,"Senior Software Engineer, Scanning Operations",Recorded Future,"Somerville, MA",,https://www.indeed.com/viewjob?jk=15a1eaf4c09bc584
175,Software Engineer II,SimpliSafe,"Hybrid remote in Boston, MA",,https://www.indeed.com/viewjob?jk=913fd0c68d155ef6
176,"Software Engineer, Front End",Meta,"Boston, MA 02142",14699360,https://www.indeed.com/viewjob?jk=64614ec8dc2908c0
177,"Software Engineer - Fullstack, Cambridge",Microsoft,"Cambridge, MA",128250.0,https://www.indeed.com/viewjob?jk=12c5863c7cfc5a19
178,Software Development Engineer,Karen Clark & Company,"Boston, MA",,https://www.indeed.com/viewjob?jk=7e5588b31b6e7f69
179,FedNow Sr DevOps Engineer,Federal Reserve Bank of Boston,"Remote in Boston, MA",,https://www.indeed.com/viewjob?jk=3af38647f415940d
180,Software Development Manager,Chewy,"Boston, MA 02210",,https://www.indeed.com/viewjob?jk=777da7c95c8bbca7
181,Programmer,Harvard University,"Hybrid remote in Boston, MA",,https://www.indeed.com/viewjob?jk=2a5859a99e2b9196
182,Staff Engineer,Robin Powered,"Hybrid remote in Boston, MA",,https://www.indeed.com/viewjob?jk=38edf8af2ca39add
183,UI Developer,Anderson and Partners,"Boston, MA",,https://www.indeed.com/viewjob?jk=50dd0afc0e70720b
184,"Software Engineer II, Supplier Advertising Engineering",Wayfair,"Remote in Boston, MA",,https://www.indeed.com/viewjob?jk=a758af4983a1bfe1
185,"Sr Software Engineer, Android","Vivint, Inc.","Boston, MA 02108",,https://www.indeed.com/viewjob?jk=0ce0111b2dc4e50f
186,Associate Machine Learning Engineer,Analog Devices,"Boston, MA",,https://www.indeed.com/viewjob?jk=ba803bce9505b4f4
187,Frontend Software Engineer,FundGuard,"Boston, MA 02210",,https://www.indeed.com/viewjob?jk=87be618cafc52e35
188,Mainframe Developer DB2 Cobol,CapB InfoteK,"Boston, MA",,https://www.indeed.com/viewjob?jk=f9877ca51cd7b3fe
189,Developer Advocate (Game Development),JetBrains,"Boston, MA",,https://www.indeed.com/viewjob?jk=96f4e5d87fa8c4b3
190,"AIML - Machine Learning Engineer, Siri and Information Intelligence",Apple,"Cambridge, MA",,https://www.indeed.com/viewjob?jk=9b2f4a8b3641f72b
191,Staff Engineer,Paperless Parts,"Boston, MA",,https://www.indeed.com/viewjob?jk=5402ccd6b8720be1
192,Junior IICS Developer,Zenith Services,"Boston, MA",,https://www.indeed.com/viewjob?jk=3fcd60a0f23e848e
193,Hadoop Developer,Zenith Services,"Boston, MA",,https://www.indeed.com/viewjob?jk=ef5f888c70822260
194,Application Developer (SY24-25),Boston Public Schools,"Boston, MA 02119",,https://www.indeed.com/viewjob?jk=cecd87340c3f368e
195,Software Engineer in Test,AG MEDNET INC,"Boston, MA 02110",,https://www.indeed.com/viewjob?jk=807dfea008af7417
196,Software Engineer – Applications,Oneiro,"Boston, MA",,https://www.indeed.com/viewjob?jk=dbb2360b00d17789
197,Cloud Data Engineer II,Wayfair,"Boston, MA 02116",,https://www.indeed.com/viewjob?jk=579a56358fb180eb
198,FREELANCE FRONT-END WEB DEVELOPER,Vue Health,"Remote in Boston, MA",,https://www.indeed.com/viewjob?jk=9ca5603c70056f62
199,"Front End Engineer , AGI Information",Amazon.com Services LLC,"Boston, MA",176450.0,https://www.indeed.com/viewjob?jk=cb24710ed221178f
225,Associate Developer,IMP Implementation Management Professionals,"Boston, MA",,https://www.indeed.com/viewjob?jk=0d15684b12b66384
226,"Software Engineer, iOS",Meta,"Boston, MA 02142",14699360,https://www.indeed.com/viewjob?jk=aebca8ab55db0eca
227,Automation Engineer (Pharmaceutical Manufacturing),skellig,"Boston, MA",,https://www.indeed.com/viewjob?jk=b98a0c580514b761
228,Back End Software Engineer - Cloud Services,CATALOG,"Boston, MA 02129",,https://www.indeed.com/viewjob?jk=29176ef82a0cff64
229,"Technical Lead I, Front End - Fintech",HubSpot,"Remote in Cambridge, MA",206900.0,https://www.indeed.com/viewjob?jk=e3284e3c8d6832b1
230,Software Engineer II,OpenGov,"Boston, MA",135000.0,https://www.indeed.com/viewjob?jk=5a7a78a163ad6721
231,Software Client Support Engineer,"enLabel Global Services, Inc","Boston, MA 02109",,https://www.indeed.com/viewjob?jk=0e322a3855b414cc
232,Sr Software Engineer,Intone Networks,"Boston, MA",,https://www.indeed.com/viewjob?jk=6c22ec9db592ca5e
233,Statistical Analyst/Programmer,Harvard University,"Hybrid remote in Boston, MA",,https://www.indeed.com/viewjob?jk=feb91d53bcbf7d4b
234,.NET / C+ Developer June 2020,VASS IT,"Boston, MA",,https://www.indeed.com/viewjob?jk=a8adcd8ce1700274
235,.NET ASSOCIATE WEB DEVELOPER,Spantech Software,"Boston, MA",,https://www.indeed.com/viewjob?jk=6c34cecf393d593a
236,Data Engineer,Catalytic Data Science,"Boston, MA",,https://www.indeed.com/viewjob?jk=d3c47e4c3afd36ea
237,SR Software Engineer- Java,Fidelity TalentSource,"Hybrid remote in Boston, MA",156000.0,https://www.indeed.com/viewjob?jk=87cdec097418cade
238,Senior Web Developer,Tufts University,"Somerville, MA 02144",,https://www.indeed.com/viewjob?jk=acb062b8385144ee
239,Computational Engineering Software Development Co-op,SoftInWay Inc.,"Boston, MA",,https://www.indeed.com/viewjob?jk=c4f8c39fe71e20c8
240,Software Quality Engineer,SimpliSafe,"Hybrid remote in Boston, MA",,https://www.indeed.com/viewjob?jk=4d63aa2ba9b8967e
241,Full Stack Engineer,Fidelity TalentSource,"Hybrid remote in Boston, MA",208000,https://www.indeed.com/viewjob?jk=6564026152c12e9a
242,Embedded Software Engineer [Aerospace|Medtech],Critical Software,"Cambridge, MA",,https://www.indeed.com/viewjob?jk=5d5c9d10b13605d5
243,DevOps Engineer,Humanyze,"Remote in Boston, MA",155000.0,https://www.indeed.com/viewjob?jk=5e9a0a2a2c116ca0
244,"Engineer II, Python",Magnite,"Boston, MA",130000.0,https://www.indeed.com/viewjob?jk=9b0ecf33d877a3af
245,Diagnostic Software Engineer,Lextel,"Boston, MA",,https://www.indeed.com/viewjob?jk=26223d018c488f44
246,Data Systems Engineer,CEP Global,"Cambridge, MA",134274,https://www.indeed.com/viewjob?jk=28d90cf658a40d0e
247,IT Infrastructure Engineer,The Cervantes Group,"Hybrid remote in Boston, MA 02125",,https://www.indeed.com/viewjob?jk=b6d4def7f25f79d4
248,IOS Engineer III,Chewy,"Boston, MA 02210",,https://www.indeed.com/viewjob?jk=3fb60f01da7ef136
249,"Sr Software Engineer, Platform","Vivint, Inc.","Boston, MA 02108",,https://www.indeed.com/viewjob?jk=c2902ea53e301e10
259,Snowflake & Azure Cloud Engineer,Infosys,"Boston, MA",,https://www.indeed.com/viewjob?jk=1ec9c10af7d02e3e
275,QA TOOLS/AUTOMATION ENGINEER,OLPC India,"Cambridge, MA",,https://www.indeed.com/viewjob?jk=a5b637d821bd17dd
276,"SOFTWARE DEVELOPER, WEB APPS",Pixels 360,"Boston, MA 02210",,https://www.indeed.com/viewjob?jk=f01759ff5e9a6811
277,Digital Marketing Engineer Co-Op (January 2025),Flexcar,"Boston, MA 02210",68640,https://www.indeed.com/viewjob?jk=a477869556bdcd46
278,"Software Engineers Cambridge, MA",Dimensional Insight,"Cambridge, MA",,https://www.indeed.com/viewjob?jk=14b3019eb64ea690
279,Senior WordPress Developer,Xicay Technologies,"Boston, MA 02110",,https://www.indeed.com/viewjob?jk=a6d47c22922839a0
280,IT Project Manager,RainesDev,"Hybrid remote in Boston, MA",,https://www.indeed.com/viewjob?jk=bf8ce9a5826f8fa1
281,SW QMS Specialist,Dew Software,"Boston, MA",140400.0,https://www.indeed.com/viewjob?jk=0f173a67a1187bf7
282,Front End Software Engineer,MORSE Corp,"Cambridge, MA",,https://www.indeed.com/viewjob?jk=341694bab0bb8b78
283,ETL Developer,Center For Health Information And Analysis,"Boston, MA 02116",110000.0,https://www.indeed.com/viewjob?jk=766c3db3de340a5e
284,Application Support Engineer,VASS IT,"Boston, MA",,https://www.indeed.com/viewjob?jk=d8027d73a1e1e467
285,Senior Software Engineer - Full Stack,Harvard University,"Hybrid remote in Cambridge, MA",,https://www.indeed.com/viewjob?jk=d4ca2675231bd4a2
286,Software Developer,VividCloud,"Boston, MA",,https://www.indeed.com/viewjob?jk=f790ec2f599de1cf
287,Software Engineer - Real Time Systems,Anduril Industries,"Boston, MA",172500.0,https://www.indeed.com/viewjob?jk=026f60d340b97a4e
288,"JavaScript Developer with Restful JSON APIs & Python - C72164 6.5 Boston, MA",CapB InfoteK,"Boston, MA",,https://www.indeed.com/viewjob?jk=020b9527688b1b3f
289,Data Science Engineer,MIT,"Cambridge, MA 02139",,https://www.indeed.com/viewjob?jk=c1aa395b8ae1531d
290,Senior Frontend Engineer (Boston),Lendbuzz,"Hybrid remote in Boston, MA 02110",157500.0,https://www.indeed.com/viewjob?jk=85f287c3875ce568
291,Senior Frontend Software Engineer,Veson Nautical,"Remote in Boston, MA 02110",,https://www.indeed.com/viewjob?jk=e1ef693dcd2ff835
292,Senior Machine Learning Engineer,Amazee Global Ventures Inc,"Boston, MA",119600.0,https://www.indeed.com/viewjob?jk=6438e0179d2fff26
293,Software Engineer,REEKON Tools,"Charlestown, MA 02129",110000.0,https://www.indeed.com/viewjob?jk=900957bc7a297394
294,Machine Learning Engineer,Toyota Research Institute,"Cambridge, MA",,https://www.indeed.com/viewjob?jk=ff4a66a107dfb294
295,Embedded Firmware Engineer II,SimpliSafe,"Hybrid remote in Boston, MA",,https://www.indeed.com/viewjob?jk=96217db14550d896
296,Compiler and Runtime Engineer (Remote),Julia Computing,"Remote in Boston, MA",,https://www.indeed.com/viewjob?jk=62ca4bdf3d051d3a
297,Software Engineer – athenaCollector,Athenahealth,"Boston, MA 02135",,https://www.indeed.com/viewjob?jk=4a105c8253153f51
298,Full Stack .NET Web Engineer,oneZero Financial Systems,"Remote in Somerville, MA",175000.0,https://www.indeed.com/viewjob?jk=b7ac44b627d53ea7
299,SQL Database Developer II,Massachusetts School Building Authority,"Hybrid remote in Boston, MA",100231.0,https://www.indeed.com/viewjob?jk=9c6d5cd158d443a2
326,Creative Developer,Sosolimited,"Boston, MA 02114",,https://www.indeed.com/viewjob?jk=377ef96e69e98c54
327,Software Architect - Front End,Veeva Systems,"Boston, MA",240000.0,https://www.indeed.com/viewjob?jk=54b1ae156917e13e
328,Principal Software Engineer - Front End,Veeva Systems,"Boston, MA",225000.0,https://www.indeed.com/viewjob?jk=7236766f4cce4e3d
329,Application Developer (Software Developer),Steck Systems,"Cambridge, MA 02142",,https://www.indeed.com/viewjob?jk=05b7bced2d7519ac
330,Senior Machine Learning Engineer - Accelerating Drug Discovery with AI,Deep Genomics,"Hybrid remote in Cambridge, MA",,https://www.indeed.com/viewjob?jk=143ed67f8fa38e99
331,Confluence Kafka Engineer,Integration Developer Network LLC,"Hybrid remote in Boston, MA 02108",,https://www.indeed.com/viewjob?jk=2fe7a6d9a3764314
332,Machine Learning Engineer III,Chewy,"Boston, MA 02210",,https://www.indeed.com/viewjob?jk=c2b011d2844ace16
333,Automation Engineer,MIT,"Cambridge, MA 02139",,https://www.indeed.com/viewjob?jk=478ee6232ebe3fc2
334,Front-End Developer,TOPSYS IT,"Boston, MA",,https://www.indeed.com/viewjob?jk=ab6d071f2423b2e2
335,Software Test Engineer - Medical Devices,Glow Networks,"Cambridge, MA 02138",,https://www.indeed.com/viewjob?jk=6495d738ea80a656
336,Website Manager,Everett Public Schools,"Everett, MA 02149",,https://www.indeed.com/viewjob?jk=62c47ee2ed2c10b6
337,Information Security Engineer,MIT,"Cambridge, MA 02139",,https://www.indeed.com/viewjob?jk=c82340e92dcaf7a3
338,AI Software Developer,Axiomatic AI,"Cambridge, MA 02139",,https://www.indeed.com/viewjob?jk=50c7ec0919ad39b3
339,"C++ Embedded Developer || Boston, MA (Local only)",ANB Sourcing LLC,"Boston, MA 02108",83200.0,https://www.indeed.com/viewjob?jk=99629d5ee49ec31e
340,.Senior Frontend Engineer,Context Labs,"Cambridge, MA 02142",,https://www.indeed.com/viewjob?jk=2cc73729b723ea33
341,"Principal Software Engineer, Algorithmic Traffic Acquisition",CarGurus,"Hybrid remote in Boston, MA",,https://www.indeed.com/viewjob?jk=654bb07e3fdf796a
342,Release Engineer II,Chewy,"Boston, MA 02210",,https://www.indeed.com/viewjob?jk=1681a89755bf603a
343,APP Developer (Contract),Barton & Gray LLC,"Hybrid remote in Boston, MA 02110",130000.0,https://www.indeed.com/viewjob?jk=d42c754279a06835
344,"Senior Software Engineer, Backend (Trip Processing)",Cambridge Mobile Telematics,"Cambridge, MA",,https://www.indeed.com/viewjob?jk=c3744b85a9e1eaa8
345,Software Engineer V,Pickle Robot Company,"Hybrid remote in Cambridge, MA 02139",,https://www.indeed.com/viewjob?jk=3eb6f89d03195c62
346,Software Engineer,Delta Search Labs,"Cambridge, MA",,https://www.indeed.com/viewjob?jk=dec672da54706bef
347,Associate Developer & QA Contributor,IMP Consulting,"Boston, MA",,https://www.indeed.com/viewjob?jk=845a0893fbb07100
348,"Software Development Engineer, Amazon Stores",Amazon.com Services LLC,"Boston, MA",176450.0,https://www.indeed.com/viewjob?jk=b6e2dd38d4d2e9e6
349,NETWORKING SOFTWARE ENGINEER,OLPC India,"Cambridge, MA",,https://www.indeed.com/viewjob?jk=8b36f7370a3aef7e
350,Senior Software Engineer,LogRocket,"Hybrid remote in Boston, MA 02110",,https://www.indeed.com/viewjob?jk=e40ff9efdfa72134
351,Python Engineer (Top Secret Clearance),Better Talent Advisors,"Boston, MA",215000.0,https://www.indeed.com/viewjob?jk=4f99d1b2a130714e
354,"(Senior) Machine Learning Engineer, Biomolecule Design","Flagship Pioneering, Inc.","Cambridge, MA 02142",,https://www.indeed.com/viewjob?jk=840d6cbc3eb4be80
356,Software Engineer III,Pickle Robot Company,"Cambridge, MA 02139",,https://www.indeed.com/viewjob?jk=a48ae0088701a140
358,Senior Software Engineer,Everyday Speech,"Remote in Boston, MA 02109",135300,https://www.indeed.com/viewjob?jk=a128fc33d01bf933
359,"Android Software Engineer, Verily Me",Verily,"Boston, MA",128000.0,https://www.indeed.com/viewjob?jk=8687d2b5fb0d0dcf
360,Cloud Operations Engineer,IMP Consulting,"Boston, MA",,https://www.indeed.com/viewjob?jk=d45754ec0461e368
365,"Machine Learning Engineer, Generative AI",Amazon.com Services LLC,"Boston, MA",,https://www.indeed.com/viewjob?jk=d893252a3035a2f9
367,Staff Robotics Software Engineer,Chewy,"Boston, MA 02210",,https://www.indeed.com/viewjob?jk=764db68ecdcb89f6
370,J2EE + Cloud,Sonsoft Inc,"Boston, MA",,https://www.indeed.com/viewjob?jk=dc44542c148f9013
372,Staff Software Engineer,Labcorp,"Boston, MA 02215",160000.0,https://www.indeed.com/viewjob?jk=cb636dc1ef140333
374,Sr. Mendix + Python Developer,KK Technologies,"Boston, MA",117520.0,https://www.indeed.com/viewjob?jk=5d1342ae2d5374f6
379,"Associate Manager, Software Engineering","Red Hat, Inc.","Boston, MA 02210",191655.0,https://www.indeed.com/viewjob?jk=3d873e6d6a152002
380,"Lab Automation Engineer III, Field Service",Thermo Fisher Scientific,"Cambridge, MA 02139",,https://www.indeed.com/viewjob?jk=5ecf0b9c44335e7d
381,Performance Monitoring and Observability Engineer,Mass General Brigham,"Somerville, MA 02145",,https://www.indeed.com/viewjob?jk=a9faacaeac5aa5d4
382,VR/AR Software Engineer (Systems & Design),Three Space Lab,"Cambridge, MA 02140",,https://www.indeed.com/viewjob?jk=69e389c403af0d9d
384,Lead Integrations Developer,The Boston Beer Company,"Hybrid remote in Boston, MA",136900.0,https://www.indeed.com/viewjob?jk=9ef676a063ecdf14
386,Cloud Engineer,"Flagship Pioneering, Inc.","Cambridge, MA 02142",,https://www.indeed.com/viewjob?jk=a2fe525fe0c42360
387,UI/UX Developer,Amazee Global Ventures Inc,"Boston, MA",119600.0,https://www.indeed.com/viewjob?jk=3a9847a6c226a6d0
388,Senior Software Quality Engineer,"Red Hat, Inc.","Boston, MA 02210",151450.0,https://www.indeed.com/viewjob?jk=e3067a0b9501d713
389,.Net Developer,ProArch IT Solutions,"Boston, MA",,https://www.indeed.com/viewjob?jk=17ff0b7e72808139
390,Senior Software Engineer,ActBlue,"Remote in Somerville, MA",170499.0,https://www.indeed.com/viewjob?jk=e9c668e66ae5dfae
391,Application Engineer,"Boston Partners Global Investors, Inc","Boston, MA 02108",,https://www.indeed.com/viewjob?jk=c2439ce2e5b89f6a
392,SQL Developer II,Eastern Bank,"Boston, MA",,https://www.indeed.com/viewjob?jk=525ffa6a5eb985b1
393,"Associate Director, Software Engineering",Chewy,"Boston, MA 02210",,https://www.indeed.com/viewjob?jk=fccd7d6d3d5d0848
395,Sr. Java Developer,Brillius,"Boston, MA 02108",13703040.0,https://www.indeed.com/viewjob?jk=cfa8796e07f3e6d9
396,Cloud Operations Engineer,IMP Implementation Management Professionals,"Boston, MA",,https://www.indeed.com/viewjob?jk=0b0e2b7c97377f08
397,Staff Software Engineer,Snyk,"Boston, MA 02110",,https://www.indeed.com/viewjob?jk=b447553f793acae3
398,"Technical Lead, Web Development",HubSpot,"Remote in Cambridge, MA",163500.0,https://www.indeed.com/viewjob?jk=c15ba0f6376f4ab9
425,Senior Java Developer,Intone Networks,"Boston, MA",,https://www.indeed.com/viewjob?jk=48392a346a167af0
426,"Site Reliability Engineer, Infrastructure",TEKNICLOUD,"Boston, MA",,https://www.indeed.com/viewjob?jk=d5ff166a6764789d
428,Fidessa Developer,Sonsoft Inc,"Boston, MA",,https://www.indeed.com/viewjob?jk=3aa878be090803e9
429,"Software Engineer, Google Cloud Computing, Cloud Learning Services",Google,"Cambridge, MA",,https://www.indeed.com/viewjob?jk=c9571db974c12361
430,Java Full Stack Engineer,Softnet Consulting Inc,"Boston, MA 02115",115000,https://www.indeed.com/viewjob?jk=5d8de60e9a6d2d7c
431,"Engineering Manager, Android Engineering",Axon,"Boston, MA",190000.0,https://www.indeed.com/viewjob?jk=cb5349814857c7d5
433,Remote Coding (Swift) Expertise for AI Training - Tier 2,Outlier,"Remote in Boston, MA",62400,https://www.indeed.com/viewjob?jk=e63a007d26a16077
434,Senior Internet Software Engineer,BrickLogix,"Somerville, MA",,https://www.indeed.com/viewjob?jk=3e87229741546b24
436,Low-Code Digital Application Builder - DAB 24-17060,NavitsPartners,"Remote in Cambridge, MA",,https://www.indeed.com/viewjob?jk=c3bdfa8aeaa7be77
437,Senior / Principal Gameplay Engineer,CD PROJEKT RED,"Hybrid remote in Boston, MA",209500.0,https://www.indeed.com/viewjob?jk=8fa57eeac992e2f3
438,"Senior Software Engineer I, DevOps",Generate Biomedicines,"Somerville, MA",,https://www.indeed.com/viewjob?jk=bd67010c1ed7ca70
439,Software Developer,MIT,"Cambridge, MA 02139",,https://www.indeed.com/viewjob?jk=d18d7717b58326bf
440,C++ Senior Software Engineer,Extreme Event Solutions,"Hybrid remote in Boston, MA",,https://www.indeed.com/viewjob?jk=718ad315977d2c6c
441,Enterprise Solutions Engineer - API,SmartBear,"Remote in Somerville, MA",,https://www.indeed.com/viewjob?jk=953c3a30af54843b
442,xPression Developer (Onsite),New York Technology Partners,"Boston, MA 02108",,https://www.indeed.com/viewjob?jk=2324942274de3d0d
443,Software Development Engineer in Test,Pickle Robot Company,"Cambridge, MA 02139",,https://www.indeed.com/viewjob?jk=c4acb0bb5ef7927a
444,Software Engineering Manager,Oneiro,"Boston, MA",,https://www.indeed.com/viewjob?jk=243acf559ddf133e
445,Full-stack Developer,Vermonster,"Boston, MA 02109",,https://www.indeed.com/viewjob?jk=94a12dde99d38a34
447,Full Stack Spring 2020,VASS IT,"Boston, MA",,https://www.indeed.com/viewjob?jk=91c5f43c57a7acd2
448,Team Lead - Software Engineering,Alarm.com,"Hybrid remote in Boston, MA",,https://www.indeed.com/viewjob?jk=ffddc582a74c7ab1
449,"Senior Software Engineer, Applications",Cohere Health,"Remote in Boston, MA",152500.0,https://www.indeed.com/viewjob?jk=7502487842d17730
475,Flight Software Test Engineer,Revolution Space,"Boston, MA 02129",,https://www.indeed.com/viewjob?jk=c65e568219fa7bc9
476,Sr. DevOps Engineer,Amazee Global Ventures Inc,"Boston, MA",119600.0,https://www.indeed.com/viewjob?jk=f90f17c65a975385
477,Android Developer,Neurable,"Boston, MA 02108",,https://www.indeed.com/viewjob?jk=067255809cd5b0dd
478,Lead Software Engineer,LogRocket,"Hybrid remote in Boston, MA 02110",,https://www.indeed.com/viewjob?jk=bdbdafb34d305d8d
479,"Lead Software Engineer, Mobile",EF World Journeys,"Hybrid remote in Cambridge, MA 02141",,https://www.indeed.com/viewjob?jk=280c2eb01ef6e508
480,Sr Software Test Engineer - Surgical Robotics,Medtronic,"Boston, MA",123000.0,https://www.indeed.com/viewjob?jk=13713b32b40da95a
481,Full-stack Engineer,Apeiron Labs,"Cambridge, MA",,https://www.indeed.com/viewjob?jk=f623343b7d939c62
483,Senior Software Engineer in Test - CDMS,Veeva Systems,"Boston, MA",137500.0,https://www.indeed.com/viewjob?jk=b06c1df3384f8f6c
484,Senior Front End Engineer - OpenPass,The Trade Desk,"Boston, MA",175550.0,https://www.indeed.com/viewjob?jk=f4c021b221bfd4ea
485,Senior Data Scientist,Motional,"Boston, MA",177650.0,https://www.indeed.com/viewjob?jk=3bcc18db9896e6ce
486,Northeastern University Software Engineer - Application Development Co-op,Bracebridge Capital,"Boston, MA",,https://www.indeed.com/viewjob?jk=d66585d5a582f3b6
487,"Senior Software Engineer, Computer Vision and Robotics",New Balance,"Hybrid remote in Brighton, MA 02135",,https://www.indeed.com/viewjob?jk=ad9cb702a6b6d764
488,iOS Engineer,Arbor,"Boston, MA",,https://www.indeed.com/viewjob?jk=d7bf33d2dbcb6603
489,Platform Engineer II,"Vivint, Inc.","Boston, MA 02108",,https://www.indeed.com/viewjob?jk=5de64d8d576de6d1
490,"Sr Software Engineer - Retail (Open to Boston, Atlanta, Beaverton location)",Converse,"Boston, MA 02298",,https://www.indeed.com/viewjob?jk=8891a7620cf9b20a
491,Software Engineer - Music/Audio Applications,"MOTU, Inc.","Cambridge, MA",,https://www.indeed.com/viewjob?jk=41406097521043af
492,Software Architect,Berkshire Hathaway Specialty Insurance,"Boston, MA 02110",,https://www.indeed.com/viewjob?jk=41f353ab7c2a6d44
493,Principal Software Engineer - Java,Veeva Systems,"Boston, MA",225000.0,https://www.indeed.com/viewjob?jk=462e9295d1a1b1d5
494,Senior Producer,CD PROJEKT RED,"Boston, MA",,https://www.indeed.com/viewjob?jk=125653357f9b0e3f
495,Senior Software Quality Engineer,"Red Hat, Inc.","Boston, MA 02210",151450.0,https://www.indeed.com/viewjob?jk=87833f157a12036f
497,"Senior Software Engineer, Media Platform",Wistia,"Remote in Cambridge, MA",,https://www.indeed.com/viewjob?jk=e4d8979c1c07c016
498,Freelance Coding Mentor,Outlier,"Boston, MA",62400,https://www.indeed.com/viewjob?jk=110814109da0dc5a
499,Solution Engineer,Guardsquare,"Hybrid remote in Boston, MA",,https://www.indeed.com/viewjob?jk=608811d53d412716
527,Software Engineer/Programmer,Delta Search Labs,"Cambridge, MA",,https://www.indeed.com/viewjob?jk=81504c1154f26df7
528,Software Configuration Engineer,Northrop Grumman,"Hybrid remote in Malden, MA",55000.0,https://www.indeed.com/viewjob?jk=20d8a2bf4ccb7523
529,Software Engineering Manager,DraftKings,"Boston, MA 02298",175500.0,https://www.indeed.com/viewjob?jk=27b512e82e3df849
530,Senior Audio Programmer,Epic Games,"Boston, MA",,https://www.indeed.com/viewjob?jk=224b04f8f9a691e1
531,Software Engineer,Ampion Inc.,"Boston, MA",,https://www.indeed.com/viewjob?jk=e244c8b317cad264
532,Software Developer,DAG Consulting,"Boston, MA",,https://www.indeed.com/viewjob?jk=78cea9bcf375844e
533,Staff Software Engineer (Python / AI + ML SaaS),EvolutionIQ,"Boston, MA",,https://www.indeed.com/viewjob?jk=4b3c4a44adf1376a
534,"Senior Software Engineer, Cloud",Cambridge Mobile Telematics,"Hybrid remote in Cambridge, MA",,https://www.indeed.com/viewjob?jk=1ab0557e173b3fd0
535,W2 Contract -Dev-Operations Architect,"SoftHQ, Inc.","Boston, MA",161200.0,https://www.indeed.com/viewjob?jk=f937171c0a25cefd
536,Sr. Software Engineer - Internet of Things (IoT),Bosch Group,"Watertown, MA 02472",,https://www.indeed.com/viewjob?jk=5f27a0b0920e75c6
537,Senior DevOps Engineer - Observability,EvolutionIQ,"Remote in Boston, MA",190000.0,https://www.indeed.com/viewjob?jk=7aabb1e0aeb40009
538,QA Automation Engineer,Syndic8 DMS,"Remote in Boston, MA 02116",,https://www.indeed.com/viewjob?jk=1dafe79675f9d31b
539,"Software Engineer, Precision Health Platform",Verily,"Boston, MA",151500.0,https://www.indeed.com/viewjob?jk=5ef1d65f69f51eb7
540,Software Test Engineer,eInfochips,"Boston, MA",,https://www.indeed.com/viewjob?jk=1b9f27eded3d8cd7
541,Senior Performance Engineer,Veeva Systems,"Boston, MA",170000.0,https://www.indeed.com/viewjob?jk=60ac9a04fe9bc643
542,Senior Software Engineer - Java,Veeva Systems,"Boston, MA",190000.0,https://www.indeed.com/viewjob?jk=4a76f751bc77a123
543,Software Engineer,DAG Consulting,"Boston, MA",,https://www.indeed.com/viewjob?jk=9d4cfe938ac0490c
544,Senior Software developer,Raytheon Technologies Corporate Headquarters,"Cambridge, MA 02138",120000.0,https://www.indeed.com/viewjob?jk=2a582d60282e9a63
546,Sales Representative - Software,Heartland Payment Systems,"Hybrid remote in Boston, MA",97500.0,https://www.indeed.com/viewjob?jk=dae2bf44bcd4f9dd
547,Software Test Engineer with Python,GlobalLogic,"Cambridge, MA",,https://www.indeed.com/viewjob?jk=c0f30672f5bf4c39
548,"Senior Software Engineer II, Developer Infra Security",HubSpot,"Hybrid remote in Cambridge, MA",,https://www.indeed.com/viewjob?jk=04ee7e5d6b79f76c
549,Java or C# with oAuth DDA / FDX API developer,CapB InfoteK,"Boston, MA",,https://www.indeed.com/viewjob?jk=2f5c5f28ab4062c9
563,QMS Software Validation Engineer,Philips,"Cambridge, MA",121000.0,https://www.indeed.com/viewjob?jk=480c31420f7b6f0f
575,Applications Programming Analyst,Sevita,"Remote in Boston, MA 02134",,https://www.indeed.com/viewjob?jk=cb2a4f3ab13d27bf
576,Sr. Software QA Engineer,Pison Technology,"Boston, MA 02111",107500.0,https://www.indeed.com/viewjob?jk=3b07dee11e72da4f
577,"Senior Software Engineer, Full Stack",Cambridge Mobile Telematics,"Cambridge, MA",,https://www.indeed.com/viewjob?jk=d44bb426ab28208f
578,Head of Product Software,Pison Technology,"Boston, MA 02111",202500.0,https://www.indeed.com/viewjob?jk=f5634f6285f09c14
579,"Senior Software Engineer, Print Pipeline (Algorithms)",Formlabs,"Somerville, MA",,https://www.indeed.com/viewjob?jk=b2a11ffafb5d8719
580,Deployment Engineer,Pickle Robot Company,"Cambridge, MA 02139",,https://www.indeed.com/viewjob?jk=09dcd2308cb244f2
581,Software Quality Assurance Engineer,LifeYield,"Boston, MA 02110",,https://www.indeed.com/viewjob?jk=372088f21c3bf796
582,Jr/Mid Level Android Developer Role,Hudson Manpower,"Hybrid remote in Boston, MA",,https://www.indeed.com/viewjob?jk=348cf44cab7e1065
583,Mission Critical Software Engineer 1,Draper,"Cambridge, MA",,https://www.indeed.com/viewjob?jk=ca46b54befb682c6
584,Cloud Operations Engineer,HYCU,"Hybrid remote in Boston, MA 02210",,https://www.indeed.com/viewjob?jk=fcc7b09c9ac37304
585,Oracle Database Developer,Zenith Services,"Boston, MA",11467040,https://www.indeed.com/viewjob?jk=e2fd69bb817986a7
586,Senior DevOps Systems Engineer II,Mass General Brigham,"Hybrid remote in Somerville, MA 02145",,https://www.indeed.com/viewjob?jk=59e87704e353acfd
587,"Lead Software Engineer - RPA and PEGA (Open to Boston, Atlanta, Beaverton location)",Converse,"Boston, MA 02298",,https://www.indeed.com/viewjob?jk=953f053582f34bb8
588,Staff Software Engineer,Datadog,"Remote in Boston, MA",267000.0,https://www.indeed.com/viewjob?jk=3ed7da10457e5126
589,Software Engineer II (C++),Extreme Event Solutions,"Hybrid remote in Boston, MA",,https://www.indeed.com/viewjob?jk=c9a9cd4e9af435c5
590,Embedded System Software Engineer,Delta Search Labs,"Cambridge, MA",,https://www.indeed.com/viewjob?jk=e859937ca5eca409
591,Software Engineering Manager (C++),Veson Nautical,"Remote in Boston, MA 02110",,https://www.indeed.com/viewjob?jk=c4852e8e2cde3ca4
592,Engineering Manager,Arbor,"Boston, MA",,https://www.indeed.com/viewjob?jk=6ad81924843bfc72
593,Wordpress Engineer,TOP,"Boston, MA",,https://www.indeed.com/viewjob?jk=851323c3f5bc25cf
594,Full-Stack Software Engineer,Parallel Fluidics,"Boston, MA",160000.0,https://www.indeed.com/viewjob?jk=b0ae4bcc482c3ef6
596,Software Developer C# and C++,Glow Networks,"Hybrid remote in Boston, MA 02212",,https://www.indeed.com/viewjob?jk=00de0b33c45bf517
597,Data Engineer,Steneral Consulting,"Hybrid remote in Boston, MA 02115",119600.0,https://www.indeed.com/viewjob?jk=952db82eceec5a47
598,Splunk ( USC & GC ) ONLY,Sonsoft Inc,"Boston, MA",,https://www.indeed.com/viewjob?jk=5a451a5966bd216e
599,Archer Developer,Sonsoft Inc,"Boston, MA",,https://www.indeed.com/viewjob?jk=a27935539365e61b
626,Software Engineer,Energy and Environmental Economics,"Hybrid remote in Boston, MA",150000.0,https://www.indeed.com/viewjob?jk=5cbfe61450671a5d
627,"Senior iOS Software Engineer, Verily Me",Verily,"Boston, MA",179000.0,https://www.indeed.com/viewjob?jk=a784f64233053bbb
628,Sales Engineer,LogRocket,"Hybrid remote in Boston, MA 02110",,https://www.indeed.com/viewjob?jk=20eefc7477d0c5dd
629,"Software Engineer, Infrastructure",Meta,"Boston, MA 02142",11700000,https://www.indeed.com/viewjob?jk=67c97863b505818f
631,Senior Cloud Engineer,Modulate,"Hybrid remote in Somerville, MA",150000,https://www.indeed.com/viewjob?jk=fc72e475898dc48a
632,Software Engineer,CATALOG,"Boston, MA 02129",,https://www.indeed.com/viewjob?jk=2e27ce33586fe231
633,Software Engineer (.Net),fluxtek Solutions,"Boston, MA 02118",,https://www.indeed.com/viewjob?jk=78fbf4a0945c0969
634,Producer,CD PROJEKT RED,"Hybrid remote in Boston, MA",,https://www.indeed.com/viewjob?jk=60f985f7f18e915b
635,Software Engineer III (AI/ML),Chewy,"Boston, MA 02210",,https://www.indeed.com/viewjob?jk=8f09dbaa3f5a1427
636,Lead Software Engineer - Platform Anti-Abuse Team,Klaviyo,"Boston, MA",235000.0,https://www.indeed.com/viewjob?jk=f0bb51d7b10d1631
637,Software Engineer III (C++),Extreme Event Solutions,"Hybrid remote in Boston, MA",,https://www.indeed.com/viewjob?jk=e28a205b3703113c
638,"JAVA Developer with Spring Boot Framework, APIs and SOAP - C60131 6.6 Boston, MA",CapB InfoteK,"Boston, MA",137280,https://www.indeed.com/viewjob?jk=6fa673a6c6508ed0
640,Senior Angular Developer,Entrepreneurship for All,"Remote in Boston, MA",120000.0,https://www.indeed.com/viewjob?jk=7628ad688c1d2b3a
641,Senior Software Engineer - Infrastructure,Veeva Systems,"Boston, MA",190000.0,https://www.indeed.com/viewjob?jk=c2398af050744e35
642,Staff Software Engineer - Operations Execution,Crunchtime,"Boston, MA",,https://www.indeed.com/viewjob?jk=37bef921f257a573
643,Senior Frontend Engineer,Syndic8 DMS,"Remote in Boston, MA 02116",,https://www.indeed.com/viewjob?jk=b910b999ba47e811
644,Java Developer,Zenith Services,"Boston, MA",,https://www.indeed.com/viewjob?jk=f9b449e098dd7866
645,Fidessa Developer,Sonoma Consulting Inc.,"Boston, MA",,https://www.indeed.com/viewjob?jk=e716bec2cc13d031
646,SOFTWARE DEVELOPER FULL STACK - REMOTE,Palco,"Remote in Boston, MA 02108",,https://www.indeed.com/viewjob?jk=3b9120351e9ab2e0
647,Archer Developer,Sonsoft Inc,"Boston, MA",,https://www.indeed.com/viewjob?jk=bab178b0bbf81507
648,Mainframe Developer,Zenith Services,"Boston, MA",,https://www.indeed.com/viewjob?jk=510303471a4454cf
649,"Senior Game Designer II, VR",Axon,"Remote in Boston, MA",155000.0,https://www.indeed.com/viewjob?jk=17a04a165dad0c04
672,"Application Developer Team Lead, School of Dental Medicine, Office of the Dean",Boston University,"Boston, MA 02215",,https://www.indeed.com/viewjob?jk=c9c27ce8d79cfd8b
673,Applications Developer,Intellyk INC,"Boston, MA",,https://www.indeed.com/viewjob?jk=42d87de37eb7f050
675,Senior Front End Engineer - Sponsored Ads,Chewy,"Boston, MA 02210",,https://www.indeed.com/viewjob?jk=4f961c9387646aeb
676,Full Stack Software Engineer,LibertyPay,"Boston, MA",,https://www.indeed.com/viewjob?jk=2ae623521fc24bd7
677,Principal DevOps Architect,Harvard Business Publishing,"Boston, MA",167500.0,https://www.indeed.com/viewjob?jk=af52a3f5310d19d4
678,Principal Software Engineer - Live Streaming - WebRTC,SimpliSafe,"Hybrid remote in Boston, MA",,https://www.indeed.com/viewjob?jk=321e2dcceec929c7
679,Software Engineer- Cloud,MORSE Corp,"Cambridge, MA",,https://www.indeed.com/viewjob?jk=4e69f09d5ebb35e9
680,Embedded Hardware Engineer,Formlabs,"Somerville, MA",,https://www.indeed.com/viewjob?jk=819003947e515d48
681,Node.js Developer - Backend Engineer,SS&C,"Boston, MA",,https://www.indeed.com/viewjob?jk=bc034d4ea0c93a7b
682,Python Developer,Amazee Global Ventures Inc,"Boston, MA",119600.0,https://www.indeed.com/viewjob?jk=a35079c8d22a6374
683,Senior Machine Learning Engineer I,Broad Institute,"Cambridge, MA",,https://www.indeed.com/viewjob?jk=265566e2002bd002
684,Appian Developer,Aegis Technology Solutions,"Boston, MA",,https://www.indeed.com/viewjob?jk=26761234da7f38f2
685,.Principal Backend Engineer - Immutably™,Context Labs,"Cambridge, MA 02142",,https://www.indeed.com/viewjob?jk=48e9a22d32590671
686,"Software Engineering Manager - Marketing & Service (Open to Boston, Atlanta, Beaverton location)",Converse,"Boston, MA 02298",,https://www.indeed.com/viewjob?jk=aa78bf54cf6617e3
687,SENIOR FRONT END DEVELOPER,Pixels 360,"Boston, MA 02210",,https://www.indeed.com/viewjob?jk=ff1dbc633a7f4ab6
688,Software Engineer,Boris FX,"Boston, MA 02110",,https://www.indeed.com/viewjob?jk=5f0e25168df1e254
689,AI Coding Trainer - Part Time Work From Home,Outlier,"Remote in Boston, MA",62400,https://www.indeed.com/viewjob?jk=db4feef44e5737bd
690,Senior Backend Software Engineer (Boston),Lendbuzz,"Hybrid remote in Boston, MA 02110",157500.0,https://www.indeed.com/viewjob?jk=2ff381d01561c4ad
691,Senior Software Engineer,"Volta Labs, Inc.","Boston, MA 02210",,https://www.indeed.com/viewjob?jk=02498687999ef305
692,Senior Embedded Software Developer,Talent Search RPO,"Boston, MA 02108",14622400.0,https://www.indeed.com/viewjob?jk=3c70e93918010da4
693,Senior Embedded Software Developer,GlobalLogic,"Boston, MA",14622400.0,https://www.indeed.com/viewjob?jk=80b8ef8587995f54
694,"Manager, Software Development, FPDS",Amazon.com Services LLC,"Boston, MA",,https://www.indeed.com/viewjob?jk=ad37883a06fe3622
695,Senior Software Engineer II (Droplet Team),DigitalOcean,"Remote in Boston, MA",180000.0,https://www.indeed.com/viewjob?jk=b2a9ba5446d08601
696,Embedded Systems Developer,DAG Consulting,"Boston, MA",,https://www.indeed.com/viewjob?jk=68b6105c53fee848
697,"Staff Software Engineer, Embedded Firmware (R2524)",SHIELD AI,"Boston, MA",208013.0,https://www.indeed.com/viewjob?jk=8ab1c0dff40b0e41
698,"Staff Software Engineer - Real Time Systems, Mission Autonomy",Anduril Industries,"Boston, MA",245000.0,https://www.indeed.com/viewjob?jk=0d80f20743d2479a
699,IS Programmer/Analyst II Per Diem BWH Rheumatology,Brigham & Women's Hospital(BWH),"Boston, MA 02115",,https://www.indeed.com/viewjob?jk=27a4f3101d4fc299
728,Principal Control Systems Software Engineer,Northrop Grumman,"Hybrid remote in Malden, MA",64500.0,https://www.indeed.com/viewjob?jk=b9004eb590c83b8e
729,Application Developer,Marsh McLennan Agency,"Remote in Boston, MA 02199",101227.5,https://www.indeed.com/viewjob?jk=44152b266b8c71b4
730,"Sr. Software Development Engineer, Team Engage",Amazon.com Services LLC,"Boston, MA",206400.0,https://www.indeed.com/viewjob?jk=2c53cb9d6b76946a
731,"Site Reliability Engineer, Edge Services",ByteDance,"Boston, MA",,https://www.indeed.com/viewjob?jk=2eb1547d40fe7612
732,Machine Learning Engineer,Apple,"Cambridge, MA",,https://www.indeed.com/viewjob?jk=2c62269df411a93b
733,"Associate Manager, Software Engineering - Remote",Steer,"Remote in Boston, MA",,https://www.indeed.com/viewjob?jk=4f1b69da2c1df6c7
734,Data Engineer,The Brattle Group,"Boston, MA",102500.0,https://www.indeed.com/viewjob?jk=2933f35733c31910
735,Machine Learning Engineer,Tagup,"Hybrid remote in Boston, MA",112500.0,https://www.indeed.com/viewjob?jk=e5967f36a980fcc5
736,"Software Developer I, MS C#, .net","enLabel Global Services, Inc","Boston, MA 02109",,https://www.indeed.com/viewjob?jk=10250bda1ed88a02
737,"Customer Engineer II, Applied AI, Google Cloud",Google,"Cambridge, MA",,https://www.indeed.com/viewjob?jk=c0391ff4ff075bb3
738,Senior Android Engineer,Cambridge Mobile Telematics,"Cambridge, MA",,https://www.indeed.com/viewjob?jk=83b0dffe06ce558f
739,Staff Software Engineer - Platform,Anduril Industries,"Boston, MA",245000.0,https://www.indeed.com/viewjob?jk=71cfe23ccab0ee6f
740,"Solutions Engineer, Software",Liberty Mutual,"Boston, MA",166400.0,https://www.indeed.com/viewjob?jk=a0b519518af51df9
741,Senior Backend Software Engineer,S&P Global,"Cambridge, MA 02138",187500.0,https://www.indeed.com/viewjob?jk=e7f0e5e5abf9d632
742,Senior Software Engineer,Hi Marley,"Hybrid remote in Boston, MA",,https://www.indeed.com/viewjob?jk=9fd947fa4cfdfa22
743,Machine Learning Engineer,Analog Devices,"Boston, MA",,https://www.indeed.com/viewjob?jk=38873f49ba73edb6
744,Statistical Programmer,Katalyst Healthcares & Life Sciences,"Boston, MA 02108",,https://www.indeed.com/viewjob?jk=88c0b1b0abc00105
745,Senior Software Engineer,Karen Clark & Company,"Boston, MA",,https://www.indeed.com/viewjob?jk=3128660f9097e3f1
746,Software Engineer (R&D Information Theory and Error Correction),CATALOG,"Boston, MA 02129",,https://www.indeed.com/viewjob?jk=3cb1cb346204c158
747,Senior Software Engineer (US & Norway),Tive,"Hybrid remote in Boston, MA 02129",,https://www.indeed.com/viewjob?jk=79e4aac095a11217
748,Senior Data Programmer Analyst,Dana-Farber Cancer Institute,"Hybrid remote in Boston, MA 02215",,https://www.indeed.com/viewjob?jk=5b128d596da0f0b7
749,Senior Software Engineer - Full Stack,Veeva Systems,"Boston, MA",190000.0,https://www.indeed.com/viewjob?jk=31082f46b3820b58
771,Director of Release Management and Software Quality,Cohere Health,"Remote in Boston, MA",177500.0,https://www.indeed.com/viewjob?jk=09f17295d54fed0e
772,Software Engineer (Jr to Sr Levels),nomic,"Boston, MA",,https://www.indeed.com/viewjob?jk=754ccbddfa8ffdeb
773,"PhD Software Engineer, PhD, Early Career, Embedded Systems and Firmware, 2025 start, MSCA",Google,"Cambridge, MA",,https://www.indeed.com/viewjob?jk=35e8cc437ae45615
776,Software Quality Engineer,"Red Hat, Inc.","Hybrid remote in Boston, MA 02210",120705.0,https://www.indeed.com/viewjob?jk=f78de8c6508da0bc
777,"Senior Machine Learning Engineer, Generative AI Applications",Harvard University,"Hybrid remote in Boston, MA",,https://www.indeed.com/viewjob?jk=485b2e2da339619e
778,"Power Platform Developer (Boston, MA)",Benchmark Makers,"Boston, MA",130000.0,https://www.indeed.com/viewjob?jk=854eeca797094e7a
779,Clinical Statistical Programmer III,Katalyst Healthcares & Life Sciences,"Boston, MA 02108",,https://www.indeed.com/viewjob?jk=9d7db678fe4eff1e
780,Software Test Engineer,Capgemini,"Boston, MA",9856080.0,https://www.indeed.com/viewjob?jk=2f94f5ee5705c2c1
781,Senior Software Engineer,Grand Circle LLC,"Boston, MA 02210",,https://www.indeed.com/viewjob?jk=2840555c5774dce0
782,Salesforce Software Engineer,Copyright Clearance Center,"Remote in Cambridge, MA 02139",137500.0,https://www.indeed.com/viewjob?jk=207ab7338df9c4fd
783,.Net Developer,Advanced technology Group Inc,"Boston, MA",,https://www.indeed.com/viewjob?jk=9073d7348476796f
784,FE Developer + React,"Webtellect, LLC","Boston, MA 02110",,https://www.indeed.com/viewjob?jk=aca8fbfb8280827e
785,Software Engineer - Back-end,Applied Invention LLC,"Cambridge, MA 02139",122500.0,https://www.indeed.com/viewjob?jk=965981e0eaee4eec
786,C++ Senior Software Engineer,Extreme Event Solutions,"Hybrid remote in Boston, MA",,https://www.indeed.com/viewjob?jk=b19387f3ff05c8bb
787,Principal Software Engineer,Grand Circle LLC,"Boston, MA 02210",,https://www.indeed.com/viewjob?jk=859962f4be40938e
788,Data Engineer,"The Brattle Group, Inc.","Boston, MA",102500.0,https://www.indeed.com/viewjob?jk=3fbb5229e57ebe27
789,Chief Engineer - Software,MORSE Corp,"Cambridge, MA",,https://www.indeed.com/viewjob?jk=71575dcde7af8428
790,Lead Software Engineer - Machine Learning,Fidelity TalentSource,"Hybrid remote in Boston, MA",,https://www.indeed.com/viewjob?jk=07342e18cc475678
791,Manager - Kinematics Software Engineering - Surgical Robotics,Medtronic,"Boston, MA",188000.0,https://www.indeed.com/viewjob?jk=7c2dba14c6c4f736
792,Senior Software Engineer,"Red Hat, Inc.","Boston, MA 02210",169535.0,https://www.indeed.com/viewjob?jk=66c0c96ffa65a46b
793,"Software Engineering Manager, Infrastructure",Meta,"Boston, MA 02142",214000.0,https://www.indeed.com/viewjob?jk=6a6fb2e16285f40a
794,"Software Engineer, PhD, Early Career, Campus, AI/Machine Learning, 2025 Start",Google,"Cambridge, MA",,https://www.indeed.com/viewjob?jk=31ad37fc227dc890
795,Principal Application Developer,Federal Reserve Bank of Boston,"Boston, MA",,https://www.indeed.com/viewjob?jk=0fe710ed1a74da72
796,Senior Software Application Developer,Karen Clark & Company,"Boston, MA",,https://www.indeed.com/viewjob?jk=41376f5d0f35877c
797,Clinical SAS programmer,Katalyst Healthcares & Life Sciences,"Boston, MA 02108",,https://www.indeed.com/viewjob?jk=fe605c182d0f73fa
798,Senior Backend Software Engineer,Nexamp,"Hybrid remote in Boston, MA",,https://www.indeed.com/viewjob?jk=eafb6ae22865ced3
799,"Senior Software Engineer, Google Cloud Networking",Google,"Cambridge, MA",,https://www.indeed.com/viewjob?jk=d5d8ebe7a30d3e71
822,Web Developer,Steady Vision,"Remote in Boston, MA",60000.0,https://www.indeed.com/viewjob?jk=29457e90e29a34d5
823,Tech Lead - React Native,Photon,"Boston, MA",,https://www.indeed.com/viewjob?jk=6b6f6916bd9e0f04
827,Big Data Engineer for AI Training,Outlier,"Boston, MA",62400,https://www.indeed.com/viewjob?jk=6ebac7a77330ef90
828,"Distinguished Software Engineer, Detection & Response",Rapid7,"Boston, MA 02114",,https://www.indeed.com/viewjob?jk=0779fd7ce73c25fc
829,Python Software Engineer,MORSE Corp,"Cambridge, MA",,https://www.indeed.com/viewjob?jk=e34a4f6da4cd1d0f
830,Systems Engineer with Devops,Zenith Services,"Boston, MA",15092480,https://www.indeed.com/viewjob?jk=f0f21b2751f35164
831,Sr. Software Engineer (Elixir),iSeatz,"Remote in Boston, MA 02133",133500.0,https://www.indeed.com/viewjob?jk=efd1875df257d605
832,Senior Embedded Software Developer,BLYK Engineering Services,"Boston, MA 02201",130000.0,https://www.indeed.com/viewjob?jk=a48c3c9ab4118df5
833,Senior Software Engineer,Apryse,"Remote in Boston, MA 02118",120000.0,https://www.indeed.com/viewjob?jk=1d9e0e8880ce459d
834,Senior Mainframe Developer,Cognizant,"Boston, MA 02298",68675.0,https://www.indeed.com/viewjob?jk=202378864741b67b
835,Research Engineer,Code Metal,"Hybrid remote in Boston, MA",,https://www.indeed.com/viewjob?jk=a42bfdb14ed7ed93
836,Advanced Code Reviewer (Python & C++),Outlier,"Boston, MA",62400,https://www.indeed.com/viewjob?jk=96712d9f91a2d873
837,Software Engineer,"Red Hat, Inc.","Hybrid remote in Boston, MA 02210",135200.0,https://www.indeed.com/viewjob?jk=dbdfbfd9d8dde7ca
838,Engineer: Embedded Firmware Engineer,Nanobiosym,"Cambridge, MA 02142",,https://www.indeed.com/viewjob?jk=8d304c3683593faf
839,Developer,PTYTECH LLC,"Boston, MA 02115",110240,https://www.indeed.com/viewjob?jk=536d43fd2a8405f8
840,Java Healthcare Technology Developer,Vermonster,"Hybrid remote in Boston, MA",,https://www.indeed.com/viewjob?jk=6eabee6242da7f3b
841,Senior DevOps 2nd Round 2020,VASS IT,"Boston, MA",,https://www.indeed.com/viewjob?jk=1ff2d3db865de120
842,Senior Software Engineer,Partners Capital,"Boston, MA",,https://www.indeed.com/viewjob?jk=edfbf1d50afe58a8
843,Senior Software Engineer (Full Stack),Cisco Systems,"Boston, MA",,https://www.indeed.com/viewjob?jk=d7b09e559a6a5576
844,Lead Data Engineer - Data Automations,Klaviyo,"Boston, MA",235000.0,https://www.indeed.com/viewjob?jk=2214948fe1ca5adc
845,Principal Embedded Software Engineer,Cambridge Mobile Telematics,"Cambridge, MA",,https://www.indeed.com/viewjob?jk=a5e035adb998e60b
846,Software Engineer (Technical Leadership) - Machine Learning,Meta,"Boston, MA 02142",253000.0,https://www.indeed.com/viewjob?jk=1ddd854381be6c03
847,Appian Engineer,Arrowstreet Capital,"Boston, MA 02116",,https://www.indeed.com/viewjob?jk=9b173b9188047e60
848,Senior Embedded Software Engineer,Dandelion Energy,"Somerville, MA",,https://www.indeed.com/viewjob?jk=708327cc9d79324d
849,Senior Intelligent Automation Engineer,Blue Cross Blue Shield of Massachusetts,"Boston, MA 02199",148800.0,https://www.indeed.com/viewjob?jk=f97b3509598c590b
876,Senior Software Engineer (DevOps),WHOOP,"Boston, MA",,https://www.indeed.com/viewjob?jk=3b80188cba0c1f93
877,Senior Software Quality Engineer,Pison Technology,"Boston, MA 02111",102500.0,https://www.indeed.com/viewjob?jk=1ff467f637f83eaa
878,Sr. Python Developer with AWS Devops,Integration Developer Network LLC,"Boston, MA 02108",,https://www.indeed.com/viewjob?jk=69c648186bf3e16a
879,"Senior Software Engineer, athenaCollector – Intelligent Automation",Athenahealth,"Boston, MA 02135",,https://www.indeed.com/viewjob?jk=e3f1ae6f5ba3532e
880,Senior Developer,BrickLogix,"Somerville, MA",,https://www.indeed.com/viewjob?jk=1ba69ac8d084cabe
881,Senior Software Process Engineer,Draper,"Cambridge, MA",,https://www.indeed.com/viewjob?jk=c13a8d26b7be849b
882,JavaScript Quality Reviewer,Outlier,"Boston, MA",62400,https://www.indeed.com/viewjob?jk=49eb02acb766eb01
883,Senior Cloud Java Engineer,Syndic8 DMS,"Remote in Boston, MA 02116",,https://www.indeed.com/viewjob?jk=44a7e47a8bdf0a17
884,Sr. Kofax Developer (RPA Developer) :: Remote,CEDENT,"Remote in Boston, MA",,https://www.indeed.com/viewjob?jk=dd54f6b4bd1036f3
885,Software Engineer: LabVIEW Development Engineer,Nanobiosym,"Cambridge, MA 02142",,https://www.indeed.com/viewjob?jk=8fd4ca7028a8a54f
886,Software Developer - Item Assist product,Pearson,"Remote in Boston, MA 02133",95000.0,https://www.indeed.com/viewjob?jk=1c15e78d1a9d5945
887,Software Development Engineer,AuriStor,"Boston, MA",,https://www.indeed.com/viewjob?jk=541b0f62c3296306
888,"Senior Software Engineer (Backend, Growth)",WHOOP,"Boston, MA",,https://www.indeed.com/viewjob?jk=5de83654700f21bd
889,"Staff Software Engineer (Backend, Platform)",WHOOP,"Boston, MA",,https://www.indeed.com/viewjob?jk=a69cac2479264828
890,Product Engineer,Accenture,"Boston, MA 02199",,https://www.indeed.com/viewjob?jk=6c981d9af769f4b8
891,Senior Software Engineer (AI-Based IDE Plugins),"Red Hat, Inc.","Hybrid remote in Boston, MA 02210",169535.0,https://www.indeed.com/viewjob?jk=67aad583287d1408
892,Senior Software Cyber Engineer,Draper,"Cambridge, MA",,https://www.indeed.com/viewjob?jk=1cf5be0982458df9
893,"Sr. Full Stack Java 8 with AWS, Container Docker Kubernetes A_60",CapB InfoteK,"Boston, MA",124800,https://www.indeed.com/viewjob?jk=7cc6ee163613d0d3
894,Director of Embedded Systems Engineering,Cambridge Mobile Telematics,"Cambridge, MA",,https://www.indeed.com/viewjob?jk=7c86a0da57b6b774
895,Senior Software Engineer,Franklin Templeton Investments,"Boston, MA",167211.0,https://www.indeed.com/viewjob?jk=2dc880db5083e522
896,SENIOR PROGRAMMER,Disbelief,"Hybrid remote in Cambridge, MA",,https://www.indeed.com/viewjob?jk=cdf64025b4042ce5
897,Software Engineer III,OpenGov,"Boston, MA",135000.0,https://www.indeed.com/viewjob?jk=64f324885571efff
898,"Staff Software Engineer, Android",Suno,"Boston, MA",205000.0,https://www.indeed.com/viewjob?jk=17f94d0dd1d9a0aa
899,Production Engineering,Meta,"Boston, MA 02142",177500.0,https://www.indeed.com/viewjob?jk=9628f6f27b280656
901,"Associate Director, Software Engineering - Sponsored ADS",Chewy,"Boston, MA 02210",,https://www.indeed.com/viewjob?jk=c06bde39b47e0284
902,Craft CMS Developer,Steady Vision,"Remote in Boston, MA",60000.0,https://www.indeed.com/viewjob?jk=68b1ee8f3de1ed61
906,Senior Software Engineer,Snyk,"Boston, MA 02110",,https://www.indeed.com/viewjob?jk=701b8d1468bcefcb
907,Principal Software Development Engineer,CVS Health,"Remote in Boston, MA 02201",216300.0,https://www.indeed.com/viewjob?jk=0c894ad99b47a917
908,Frontend Development Coach,Outlier,"Boston, MA",62400,https://www.indeed.com/viewjob?jk=0bee480c5f4bfe90
909,PRINCIPAL DEVELOPER,LiquidX,"Boston, MA",,https://www.indeed.com/viewjob?jk=f5b2606c2039bcaa
910,Senior iOS Engineer,Modus Closing,"Boston, MA",164000.0,https://www.indeed.com/viewjob?jk=91dbe2d6da4e554c
912,Senior Fullstack Developer,Arrowstreet Capital,"Boston, MA 02116",,https://www.indeed.com/viewjob?jk=097a4a0a845a33bd
913,Cloud Solutions Engineer,Liberty Mutual,"Hybrid remote in Boston, MA",190050.0,https://www.indeed.com/viewjob?jk=d884a5592316afca
914,"Senior Software Engineer, Android Engineering",Axon,"Boston, MA",165000.0,https://www.indeed.com/viewjob?jk=d06e8c2745c1dfb2
916,Sr Software Engineer - Surgical Robotics,Medtronic,"Boston, MA",150000.0,https://www.indeed.com/viewjob?jk=348ba54c5a1d4d36
918,"Senior Manager, Software Engineering",SimpliSafe,"Hybrid remote in Boston, MA",,https://www.indeed.com/viewjob?jk=7c560d84b8f3feb3
921,Sales Engineer,Julia Computing,"Hybrid remote in Boston, MA",,https://www.indeed.com/viewjob?jk=8595641b7b3b0b1e
922,"Senior Enterprise Applications Engineer (Boston, MA)",Benchmark Makers,"Boston, MA",130000.0,https://www.indeed.com/viewjob?jk=5794306dd3b6c9f2
923,Senior Drupal Developer,Perficient,"Somerville, MA",,https://www.indeed.com/viewjob?jk=65da74fce045a18d
928,Senior Embedded Software Engineer,Motional,"Hybrid remote in Boston, MA 02210",180000.0,https://www.indeed.com/viewjob?jk=a0af0c857d402176
931,DRUPAL Architect/Developer,Fidelity Investments,"Boston, MA 02210",,https://www.indeed.com/viewjob?jk=aae55a6bab990b81
933,DevOps Engineer,Accenture Federal Services,"Boston, MA",155900.0,https://www.indeed.com/viewjob?jk=2b599b08ef88e91c
934,Sr. Platform Engineer,Pison Technology,"Boston, MA 02111",,https://www.indeed.com/viewjob?jk=faeb34aad81172c4
935,Senior iOS Engineer,Compass,"Boston, MA 02111",164000.0,https://www.indeed.com/viewjob?jk=e1283263f9074cc3
939,Senior Software Engineer - Tracking & Estimation,Anduril Industries,"Boston, MA",195000.0,https://www.indeed.com/viewjob?jk=76f98649904ff73a
941,Programmer Analyst,Massachusetts General Hospital(MGH),"Boston, MA 02114",,https://www.indeed.com/viewjob?jk=f22b471c594811eb
942,Code Quality Assurance Tutor,Outlier,"Boston, MA",62400,https://www.indeed.com/viewjob?jk=7cbb1dc172e86ba7
943,Design Engineer,Suno,"Boston, MA",170000.0,https://www.indeed.com/viewjob?jk=d2cece779b74fb5b
945,Computer Science Skills Trainer,Outlier,"Boston, MA",62400,https://www.indeed.com/viewjob?jk=d3df19d00e4856a9
946,"Software Engineering Manager II, Search",Google,"Cambridge, MA",,https://www.indeed.com/viewjob?jk=3db34a10dc1f0198
947,Solutions Engineer,SS&C,"Boston, MA",90000.0,https://www.indeed.com/viewjob?jk=4e20192ded4f757d
948,Technical Code Reviewer (JavaScript & CSS),Outlier,"Boston, MA",62400,https://www.indeed.com/viewjob?jk=5aab011593777eb1
949,Software Engineering Manager - Surgical Robotics,Medtronic,"Boston, MA",188000.0,https://www.indeed.com/viewjob?jk=80f3fdcfe912fc3e
977,Senior Software Engineer,Modus Closing,"Boston, MA",138450.0,https://www.indeed.com/viewjob?jk=6cc0ee924887b698
978,SENIOR BACK END DEVELOPER,Pixels 360,"Boston, MA 02210",,https://www.indeed.com/viewjob?jk=04eaced388a30d1a
980,Full Stack Developer - AWS,"CGI Group, Inc.","Boston, MA 02298",164300.0,https://www.indeed.com/viewjob?jk=2da9ecafd709faed
981,Senior Software Engineer,Liberty Mutual,"Boston, MA",146100.0,https://www.indeed.com/viewjob?jk=4a231dc81a5bb89a
983,Software Engineer,Valence,"Hybrid remote in Boston, MA",,https://www.indeed.com/viewjob?jk=9645e5014fdd6eea
986,Radio Frequency Engineer - Product Lead for Simulation Software,Flexcompute Inc.,"Boston, MA 02108",,https://www.indeed.com/viewjob?jk=4db2578b11d44671
987,"Associate Director, Software Engineering Team Lead",Arrowstreet Capital,"Boston, MA 02116",,https://www.indeed.com/viewjob?jk=12950e64b524786c
988,Sr. Software Engineer - Python Generalist,"CytoTronics, Inc.","Boston, MA",,https://www.indeed.com/viewjob?jk=2d6d44bf9f295b7f
989,Senior Embedded Software Developer,Capgemini,"Boston, MA",12319840.0,https://www.indeed.com/viewjob?jk=3bf3cd2ff6117c3d
990,"Software Development Manager, High Performance Computing","Amazon Development Center U.S., Inc.","Boston, MA",,https://www.indeed.com/viewjob?jk=835584abc965e43f
992,Software Engineer (embedded C++),Capgemini,"Boston, MA",,https://www.indeed.com/viewjob?jk=b501ee43b375b056
994,Software Development Instructor (Python),Outlier,"Boston, MA",62400,https://www.indeed.com/viewjob?jk=65cc60c0d9538205
996,Senior Embedded Software Engineer,Silicon Labs Careers,"Boston, MA",163469.0,https://www.indeed.com/viewjob?jk=cd70e42ccb3df48f
997,"Software Development Engineer (Level 5), AWS Field Experience (AFX)","Amazon Web Services, Inc.","Boston, MA",176450.0,https://www.indeed.com/viewjob?jk=fdd2619eb5a8ed98
998,Senior/Staff Software Engineer - Machine Learning,Zoox,"Boston, MA",257500.0,https://www.indeed.com/viewjob?jk=4ccdb4444d5f2dee
999,Staff Software Engineer,Pison Technology,"Boston, MA 02111",175000.0,https://www.indeed.com/viewjob?jk=a3bf170d4726b3a4
1002,Director of Engineering,TRUE Property Insurance,"Boston, MA",,https://www.indeed.com/viewjob?jk=f57ca917b1dbf7fc
1006,Senior Archer Engineer,Liberty Mutual,"Hybrid remote in Boston, MA",146100.0,https://www.indeed.com/viewjob?jk=89dbeb9f9f2441a8
1028,"Automation Principal Engineer, Lab Automation",Vertex Pharmaceuticals,"Boston, MA",,https://www.indeed.com/viewjob?jk=5fcc4dc1f6dba5cd
1029,"Senior Software Engineer, GT Regression",Motional,"Boston, MA",181150.0,https://www.indeed.com/viewjob?jk=579b96df7550d86a
1031,"PhD Software Engineer, Early Career, AI/Machine Learning, 2025 Start, MSCA",Google,"Cambridge, MA",,https://www.indeed.com/viewjob?jk=e0b2d13a5537a58f
1032,Associate AI Research Engineer,Accenture,"Boston, MA 02199",,https://www.indeed.com/viewjob?jk=4e84559675a4e6c1
1033,Software Engineering Manager,Plymouth Rock Assurance,"Boston, MA 02111",,https://www.indeed.com/viewjob?jk=20a2c13b61e2db66
1035,"Senior Software Engineer (Backend, Platform)",WHOOP,"Boston, MA",,https://www.indeed.com/viewjob?jk=9e20e7645abf3d00
1036,"ADMOH With Java, Javascript, SQL",Sonsoft Inc,"Cambridge, MA",,https://www.indeed.com/viewjob?jk=8ae16140b2156d36
1037,Engineer II (Virtual Networking),DigitalOcean,"Remote in Boston, MA",100000.0,https://www.indeed.com/viewjob?jk=c6b300765c9ea875
1042,Java Architect,Cognizant,"Boston, MA 02298",91223.5,https://www.indeed.com/viewjob?jk=68272e079e257423
1043,"Manager, Software Development",SimpliSafe,"Hybrid remote in Boston, MA",,https://www.indeed.com/viewjob?jk=c35c1f46bef13585
1044,Lead Application Developer,Marsh McLennan Agency,"Remote in Boston, MA 02110",101227.5,https://www.indeed.com/viewjob?jk=4345fc8bfc17e18d
1045,Senior Cloud Engineer,Bain Capital,"Boston, MA 02116",,https://www.indeed.com/viewjob?jk=dc5182aa455eb36d
1047,DevSecOps Engineer,TRUE Property Insurance,"Boston, MA",145000,https://www.indeed.com/viewjob?jk=f3a52ff30b37205c
1049,Software Engineer - Platform,Anduril Industries,"Boston, MA",172500.0,https://www.indeed.com/viewjob?jk=9cfc9de97b4fe512
1072,Staff Software Engineer,SimpliSafe,"Hybrid remote in Boston, MA",,https://www.indeed.com/viewjob?jk=406644e91bb60247
1073,Senior Frontend Software Engineer,Anduril Industries,"Boston, MA",210000.0,https://www.indeed.com/viewjob?jk=4c1602a14f8609fe
1075,"Developer, Worksite Technology",MASSMUTUAL,"Boston, MA",163350.0,https://www.indeed.com/viewjob?jk=c7848cce1f14b320
1076,Informatics Software Engineer,Rheos Medicines,"Cambridge, MA 02142",,https://www.indeed.com/viewjob?jk=004fc10f1f26b438
1077,Principal Software Engineer,DAG Consulting,"Boston, MA",,https://www.indeed.com/viewjob?jk=b9a1a824b46f5989
1078,Senior Software Developer- Item Assist product,Pearson,"Remote in Boston, MA 02133",127500.0,https://www.indeed.com/viewjob?jk=d9eec2e9afde6993
1079,Python & Java Coding Instructor,Outlier,"Boston, MA",62400,https://www.indeed.com/viewjob?jk=2a037df1be6d4935
1081,Software Engineer - Embedded,Code Metal,"Hybrid remote in Boston, MA",,https://www.indeed.com/viewjob?jk=e1b397e17c499637
1082,Desktop Application Software Engineer,"Lutron Electronics Co., Inc","Boston, MA",,https://www.indeed.com/viewjob?jk=c623a27649606486
1083,Senior Software Engineer,Fidelity Investments,"Boston, MA 02210",,https://www.indeed.com/viewjob?jk=d0f369628fd34e12
1084,Software Engineering Manager,"enLabel Global Services, Inc","Boston, MA 02109",,https://www.indeed.com/viewjob?jk=d7687375557bfd31
1085,Senior Software Engineer,Compass,"Boston, MA 02111",164450.0,https://www.indeed.com/viewjob?jk=8d91be0c9acb726a
1086,Sr. Software Engineer,InsideTracker,"Cambridge, MA",,https://www.indeed.com/viewjob?jk=f746e8196982414c
1087,"Principal Software Engineer, Devops",Broad Institute,"Cambridge, MA",,https://www.indeed.com/viewjob?jk=5bd836f834e5d846
1088,"Lead Software Engineer, Full Stack",Capital One,"Cambridge, MA 02139",,https://www.indeed.com/viewjob?jk=a80b5d94132236cc
1089,Software Development Engineer in Test,"enLabel Global Services, Inc","Boston, MA 02109",,https://www.indeed.com/viewjob?jk=c83d14636d4258d8
1090,Senior Software Engineer,HqO,"Boston, MA 02111",,https://www.indeed.com/viewjob?jk=fd9b2c5eb0fa652b
1091,Senior Full Stack Engineer (.Net),PA Consulting,"Hybrid remote in Boston, MA 02210",110000.0,https://www.indeed.com/viewjob?jk=1948d24d97e42f74
1093,Senior Software Engineer,"Quadratic 3D, Inc.","Charlestown, MA",,https://www.indeed.com/viewjob?jk=9556d79e945eeeb9
1094,Senior Software Engineer,Compass,"Boston, MA 02111",138450.0,https://www.indeed.com/viewjob?jk=7a646ade5da9d955
1095,"AIML - Software Engineer, ML Platform & Technology",Apple,"Cambridge, MA",,https://www.indeed.com/viewjob?jk=88fdd55e3fff42b2
1096,Senior Application Developer - Remote,Ryder System,"Remote in Boston, MA 02133",120000.0,https://www.indeed.com/viewjob?jk=2c00039f6fdececb
1097,Senior Software Developer,NetCapital,"Boston, MA",,https://www.indeed.com/viewjob?jk=e94793c20b666775
1098,Principal Software Engineer - Data Mobility,Nasuni,"Boston, MA",,https://www.indeed.com/viewjob?jk=826b747d1f22535f
1099,Senior Software Engineer,Kytopen,"Hybrid remote in Cambridge, MA 02139",,https://www.indeed.com/viewjob?jk=52b186f044b0d3de
1127,"Senior Software Engineer, Data Platform",Cohere Health,"Remote in Boston, MA",152500.0,https://www.indeed.com/viewjob?jk=1cf2e7fb0b83b486
1128,Senior Software Engineer - Real Time Systems,Anduril Industries,"Boston, MA",210000.0,https://www.indeed.com/viewjob?jk=4a6e84c6642256a4
1129,Principal Software Engineer (AI + ML SaaS / Insurtech Scale-up),EvolutionIQ,"Boston, MA",,https://www.indeed.com/viewjob?jk=24eacc85112b5e29
1130,Lead Software Engineer - SRE,Klaviyo,"Boston, MA",235000.0,https://www.indeed.com/viewjob?jk=33a2b9c933a698d3
1131,"Engineering Manager, Integrations",Topsort,"Boston, MA",,https://www.indeed.com/viewjob?jk=91ab55639af57eb6
1132,Senior Software Engineer,SS&C,"Hybrid remote in Boston, MA",,https://www.indeed.com/viewjob?jk=39227eecdc4f34ed
1133,Database & SQL Coding Tutor,Outlier,"Boston, MA",62400,https://www.indeed.com/viewjob?jk=294c897113ca2f7b
1134,"Software Engineer, Portfolio Management Engineering",Arrowstreet Capital,"Boston, MA 02116",,https://www.indeed.com/viewjob?jk=614d4d9f9a71cf81
1135,"Mission Software Engineer, Maritime",Anduril Industries,"Boston, MA",172500.0,https://www.indeed.com/viewjob?jk=888a1276c098ca04
1136,"Software Developer I, MS C++, MFC","enLabel Global Services, Inc","Boston, MA 02109",,https://www.indeed.com/viewjob?jk=3381d69291e5a4a5
1137,Lead UI Developer,Amazee Global Ventures Inc,"Boston, MA",119600.0,https://www.indeed.com/viewjob?jk=f79dd62f180ca6f4
1139,"Senior Principal Software Development Engineer/Lead (Scala, SQL/NoSQL, Node.js) - Remote",Revvity,"Remote in Boston, MA",,https://www.indeed.com/viewjob?jk=900c66e560a44926
1140,Senior Cloud Engineer,Arrowstreet Capital,"Boston, MA 02116",,https://www.indeed.com/viewjob?jk=14e2569ef12fb491
1141,Full stack Developer JAVA (Angular/React),BLYK Engineering Services,"Boston, MA 02108",140429.0,https://www.indeed.com/viewjob?jk=bbdb9532228134aa
1142,"Software Developer II, MS C#, .net","enLabel Global Services, Inc","Boston, MA 02109",,https://www.indeed.com/viewjob?jk=ea4794cb26ccf3a5
1143,SR DSP SOFTWARE ENGINEER / C++ LINUX OS,SCOTT L. PAGE & Associates,"Boston, MA",,https://www.indeed.com/viewjob?jk=cc14e454226893d9
1144,Senior Software Engineer,Anduril Industries,"Boston, MA",210000.0,https://www.indeed.com/viewjob?jk=ac3b5387f4f8571b
1145,API Integration Specialist,Outlier,"Boston, MA",62400,https://www.indeed.com/viewjob?jk=abf059b970f2ded0
1146,Software Engineer - Perception,Zoox,"Boston, MA",212500.0,https://www.indeed.com/viewjob?jk=a52802681a8223ca
1147,Full stack engineer (senior),Mable,"Hybrid remote in Boston, MA",,https://www.indeed.com/viewjob?jk=1be4a9c35fd5fc4c
1148,Functional Programming Expert,Outlier,"Boston, MA",62400,https://www.indeed.com/viewjob?jk=b87f448f1d8123d7
1149,Full-Stack Software Mentor,Outlier,"Boston, MA",62400,https://www.indeed.com/viewjob?jk=5687970c22dffff7
1171,Senior Java Developer,Janeiro Digital,"Boston, MA",,https://www.indeed.com/viewjob?jk=0bc89dbfe6daa97a
1172,Application Security Engineer - Remote,Ryder System,"Remote in Boston, MA 02133",120000.0,https://www.indeed.com/viewjob?jk=17434330c52b7d63
1173,Backend Development Expert,Outlier,"Boston, MA",62400,https://www.indeed.com/viewjob?jk=e6c74f9d9497a1b4
1177,"Associate Engineer, Algorithm Development",Analog Devices,"Boston, MA",,https://www.indeed.com/viewjob?jk=f205c3b2d89e1fdd
1178,Senior DevOps Engineer,TetraScience,"Remote in Boston, MA",,https://www.indeed.com/viewjob?jk=65904f6e8260c7c8
1179,Physical Security Engineer,Allied Universal® Technology Services,"Boston, MA 02108",,https://www.indeed.com/viewjob?jk=70b5408243997635
1180,Lead Software Engineer,Clarivate,"Hybrid remote in Boston, MA 02210",,https://www.indeed.com/viewjob?jk=c25bf82dd598c6b3
1181,Senior Software Engineer,Cambridge Blockchain,"Cambridge, MA 02142",,https://www.indeed.com/viewjob?jk=6383795b8bc53537
1182,Senior Software Engineer (C++),Extreme Event Solutions,"Hybrid remote in Boston, MA",,https://www.indeed.com/viewjob?jk=6cbee7fa561eab7a
1183,Senior Software Engineer - Operations,SimpliSafe,"Hybrid remote in Boston, MA",,https://www.indeed.com/viewjob?jk=decbe60557d2e5df
1184,AEC/Autodesk Developer,Hazen and Sawyer,"Boston, MA 02110",125000.0,https://www.indeed.com/viewjob?jk=b5fea4737828d26b
1185,"Senior Software Engineer, Backend (Python)",EvolutionIQ,"Boston, MA",,https://www.indeed.com/viewjob?jk=a325829384b6dfbc
1186,"Principal Automation Engineer, Workcell Builds","Flagship Pioneering, Inc.","Cambridge, MA 02142",,https://www.indeed.com/viewjob?jk=1fe5c018c3bab81b
1187,.Principal Backend Engineer - Distributed Systems,Context Labs,"Cambridge, MA 02142",,https://www.indeed.com/viewjob?jk=4ed7cb20053d83cc
1188,Senior Android Engineer II,Compass,"Boston, MA 02111",164000.0,https://www.indeed.com/viewjob?jk=d91c2da165b1013d
1189,Senior Developer Mentor,Outlier,"Boston, MA",62400,https://www.indeed.com/viewjob?jk=e39a88e70b44434e
1190,Sr. Robotics Software Engineer,"Myomo, Inc","Hybrid remote in Boston, MA 02114",,https://www.indeed.com/viewjob?jk=de62c52469e415c8
1191,DevOps (Techno-Functional) ( USC & GC ONLY ),Sonsoft Inc,"Boston, MA",,https://www.indeed.com/viewjob?jk=45bc597ab614fd2f
1192,Senior Android Engineer II,Modus Closing,"Boston, MA",164000.0,https://www.indeed.com/viewjob?jk=d0fd99680de29db2
1193,DevOps/Java Engineer,CEDENT,"Boston, MA",,https://www.indeed.com/viewjob?jk=aeded19f8844ccb3
1194,"Platform Engineer, UI",MarketAxess Holdings,"Boston, MA",142500.0,https://www.indeed.com/viewjob?jk=14888e7074ddd53e
1195,Senior Software Engineer - Urgent need,Inclute,"Cambridge, MA",,https://www.indeed.com/viewjob?jk=77a5cafd5e4c3639
1196,Senior Software Engineer,GPR,"Hybrid remote in Somerville, MA 02143",,https://www.indeed.com/viewjob?jk=1c7fd4691b5cfa55
1197,Customer Communications Technology Sr. Genesys Engineer,Deloitte,"Boston, MA 02116",,https://www.indeed.com/viewjob?jk=0042b69443372cc3
1198,Senior Full Stack Engineer,Arrowstreet Capital,"Boston, MA 02116",,https://www.indeed.com/viewjob?jk=a99846774b5bfbd1
1199,Software Engineering Mentor,Outlier,"Boston, MA",62400,https://www.indeed.com/viewjob?jk=5f3b70e4307d7219
1225,Senior Software Engineer -,General Radar Corp.,"Boston, MA",,https://www.indeed.com/viewjob?jk=0233c92ff19384b9
1226,Senior/Principle Product Engineer,Takeda Pharmaceutical,"Boston, MA",191700.0,https://www.indeed.com/viewjob?jk=3c3e0a241ceaa074
1227,Cloud Engineer-Analytics,Columbia Threadneedle Investments,"Hybrid remote in Boston, MA 02109",,https://www.indeed.com/viewjob?jk=39db4b52e887399b
1228,Principal Software Engineer,Arrowstreet Capital,"Boston, MA 02116",,https://www.indeed.com/viewjob?jk=c15f7184f7b2cccc
1229,Staff Robotic Software Engineer,Analog Devices,"Boston, MA",,https://www.indeed.com/viewjob?jk=85eeb7ea71e0ab63
1230,Full Stack Principal Software Developer,LifeYield,"Boston, MA 02110",,https://www.indeed.com/viewjob?jk=23662774d6a75daa
1231,FedNow Senior Software Engineer,Federal Reserve Bank of Boston,"Hybrid remote in Boston, MA",,https://www.indeed.com/viewjob?jk=b035e4916ad3a360
1232,Senior Software Quality Assurance Engineer II,LifeYield,"Boston, MA 02110",,https://www.indeed.com/viewjob?jk=c4898c55e9d2eec6
1233,Sales Engineer,Topsort,"Boston, MA",,https://www.indeed.com/viewjob?jk=a0fd310fad812feb
1234,"Senior Software Engineer, Observability",Roku,"Boston, MA 02109",211500.0,https://www.indeed.com/viewjob?jk=e86015713110f780
1235,Senior Back-End Engineer (GenAI startup),Blitzy,"Cambridge, MA 02139",,https://www.indeed.com/viewjob?jk=6abbd1e5ca30f55e
1236,Engineering Manager,Topsort,"Boston, MA",,https://www.indeed.com/viewjob?jk=b5235094a04a8718
1237,Senior Software Engineer (PaaS Insights),DigitalOcean,"Remote in Boston, MA",184000.0,https://www.indeed.com/viewjob?jk=05a077ea175f6c91
1238,Senior Java Engineer,Pristine Infotech,"Boston, MA",,https://www.indeed.com/viewjob?jk=0a08643124cfa4ba
1239,Software Engineer - Tax Calculation Engine - US Tax - Senior Associate,PRICE WATERHOUSE COOPERS,"Boston, MA 02210",145500.0,https://www.indeed.com/viewjob?jk=e702e2600d83c12c
1240,Senior Software Engineer,TetraScience,"Remote in Boston, MA",,https://www.indeed.com/viewjob?jk=be609d7adbc69e49
1241,"Senior Manager, Software Engineering, Full Stack",Capital One,"Cambridge, MA 02139",,https://www.indeed.com/viewjob?jk=0f9931ea988e7447
1242,Senior Software Developer,LifeYield,"Boston, MA 02110",,https://www.indeed.com/viewjob?jk=4f76a77708e35c17
1243,Senior Software Engineer,CVS Health,"Hybrid remote in Boston, MA 02201",152955.0,https://www.indeed.com/viewjob?jk=cd3fa9ecdbf991a3
1244,.Principal Software Engineer - AI Engineering,Context Labs,"Cambridge, MA 02142",,https://www.indeed.com/viewjob?jk=d1c1ac0762ea0b66
1245,Senior Software Engineer,Modus Closing,"Boston, MA",164450.0,https://www.indeed.com/viewjob?jk=2981f0bb63e384ad
1246,"Senior Software Engineer, Product Security",Klaviyo,"Boston, MA",190000.0,https://www.indeed.com/viewjob?jk=2c9e563e68828a0e
1247,"Senior Engineer I/II, Computational Biology",Tessera Therapeutics,"Somerville, MA",,https://www.indeed.com/viewjob?jk=aad808f1555e1d3c
1248,Lead Software Development Engineer – Java,Sureminds Solutions LLC,"Boston, MA",122500.0,https://www.indeed.com/viewjob?jk=d414f0c246a8ba0d
1249,Senior Software Engineer,1910 Genetics,"Boston, MA",,https://www.indeed.com/viewjob?jk=160d46a1bf05e3f8
1275,Senior Software Engineer,DAG Consulting,"Boston, MA",,https://www.indeed.com/viewjob?jk=28e7f6bd0ced7eab
1276,Professional Services Application Engineer,Context Labs,"Cambridge, MA 02142",,https://www.indeed.com/viewjob?jk=6ebecf94b46254e0
1277,Senior Full Stack Software Engineer,"Vestmark, Inc.","Hybrid remote in Cambridge, MA",,https://www.indeed.com/viewjob?jk=a7609ced36d08410
1278,Trade Compliance Senior Full Stack Engineer,Arrowstreet Capital,"Boston, MA 02116",,https://www.indeed.com/viewjob?jk=5298f57f20bf0ba8
1279,Mid-level Software Developer,LifeYield,"Boston, MA 02110",,https://www.indeed.com/viewjob?jk=4be71e71b41d183c
1280,Senior Software Engineer,Nara Logics,"Hybrid remote in Boston, MA 02110",,https://www.indeed.com/viewjob?jk=c3c4f5a8703612f0
1281,"Senior Specialist, Full Stack Developer",KPMG,"Boston, MA 02111",,https://www.indeed.com/viewjob?jk=7e26175f3f67a3e5
1282,Staff Software Engineer,1910 Genetics,"Boston, MA",,https://www.indeed.com/viewjob?jk=f6a42631b22233a1
1283,"AVP, API Principal Software Development Engineer",Synchrony,"Boston, MA 02101",122500.0,https://www.indeed.com/viewjob?jk=8dc7457f3a601b80
1284,Algorithm Engineer,Analog Devices,"Boston, MA",,https://www.indeed.com/viewjob?jk=fe59d81165847b02
1285,"Principal Software Engineer, Architecture",DigitalOcean,"Remote in Boston, MA",226000.0,https://www.indeed.com/viewjob?jk=29379807dc3e34c8
1286,Senior Scientific Software Engineer,Arrayo,"Boston, MA",,https://www.indeed.com/viewjob?jk=a138096e9f71b75a
1287,Full Stack MLOps Engineer,Accenture,"Hybrid remote in Boston, MA 02199",,https://www.indeed.com/viewjob?jk=628b9626848300c6
1288,Senior .NET Engineer,Pristine Infotech,"Boston, MA",,https://www.indeed.com/viewjob?jk=33b182bfeb2e1a64
1289,Mission Critical Software Engineer 2,Draper,"Cambridge, MA",,https://www.indeed.com/viewjob?jk=571483592f91c2ec
1290,Senior Software Engineer,Plymouth Rock Assurance,"Boston, MA 02111",,https://www.indeed.com/viewjob?jk=e31bdcff4d435720
1291,Software Engineer - Tax Calculation Engine - US Tax - Manager,PRICE WATERHOUSE COOPERS,"Boston, MA 02210",182150.0,https://www.indeed.com/viewjob?jk=d0abde4b67cde8ac
1292,Senior Software Engineer,Accenture,"Boston, MA 02199",,https://www.indeed.com/viewjob?jk=c15c061037e84410
1293,Apigee API Developer,Accenture,"Hybrid remote in Boston, MA 02199",,https://www.indeed.com/viewjob?jk=1749aed44754d406
1294,Principal Software Engineer,PTC Inc.,"Boston, MA 02210",,https://www.indeed.com/viewjob?jk=460525c95e3f1a61
1295,Senior Software Engineer,Franklin Energy,"Boston, MA 02101",,https://www.indeed.com/viewjob?jk=7751196812b10b3f
1296,Sr. Software Development Engineer,AuriStor,"Boston, MA",,https://www.indeed.com/viewjob?jk=5755fdf5353b4bfe
1297,Resilient & Fault Tolerant Embedded Software Engineer,Draper,"Cambridge, MA",,https://www.indeed.com/viewjob?jk=b327a0275e561f4a
1298,SDR SW Test and Automation Engineer,Comcentric Inc.,"Boston, MA",,https://www.indeed.com/viewjob?jk=21618ee3e9925355
1299,Senior Software Engineer,Man Group,"Hybrid remote in Boston, MA",,https://www.indeed.com/viewjob?jk=e225f93cd4e58ff9
1322,Senior Software Engineer,Crowe LLP,"Hybrid remote in Boston, MA 02110",,https://www.indeed.com/viewjob?jk=24dbbf9a0809e551
1328,Senior Application Systems Analyst/Programmer,POWTEC Holding Co LLC,United States,105000.0,https://www.indeed.com/viewjob?jk=a5c698f21b520175
